종목코드,관리번호,시도코드,국가유산연계번호,경도,위도,국가유산종목,국가유산분류,국가유산분류2,국가유산분류3,국가유산분류4,문화재명(국문),문화재명(한자),수량,지정일,시도명,시군구명,소재지상세,시대,소유자,관리자,지정해제여부,이미지URL,내용
11,140000000,37,1113700140000,128.7645359,36.02007948,국보,유적건조물,종교신앙,불교,불전,영천 거조사 영산전,永川 居祖寺 靈山殿,1동,19621220,경상북도,영천시,"
			
	             
	                 
	                 
	                     경상북도 영천시 청통면 신원리 622 거조사 
	                 
	             
	         
	         
		",고려시대 말기/조선시대 초기,"
                은해사
        ","
               은해사
		",N,http://www.khs.go.kr/unisearch/images/national_treasure/1612612.jpg,"은해사는 통일신라 헌덕왕 1년(809) 혜철국사가 지은 절로 처음에는 해안사라 하였다고 하며 여러 차례 있었던 화재로 많은 건물을 다시 지었는데, 지금 있는 건물들의 대부분은 근래에 세운 것들이다.
 돌계단을 오르는 비교적 높은 기단 위에 소박하고 간결하게 지은 영산전은 거조사의 중심 건물이다. 고려 우왕 원년(1375)에 처음 지었으며, 석가모니불상과 526분의 석조나한상을 모시고 있다.
 앞면 7칸·옆면 3칸 크기의 규모이며, 지붕은 옆면에서 보았을 때 사람 인(人)자 모양인 맞배지붕으로 꾸몄다. 지붕 처마를 받치기 위해 장식하여 짜은 구조를 기둥 위부분에만 설치한 주심포 양식이다. 특히 영산전은 고려말·조선초 주심포 양식의 형태를 충실하게 보여주고 있어 매우 중요한 문화유산으로 평가받고 있다."
11,3510000000,37,1112506200001,128.9408936,35.92509021,국보,기록유산,서각류,금석각류,비,영천 청제비,永川 菁堤碑,2기,20250620,경상북도,영천시,"
			
	             
	                 
	                 
	                     경북 영천시 도남동 산7-1번지
	                 
	             
	         
	         
		","① (앞)청제축조비-536년(신라 법흥왕 23), (뒤)청제수리비-798년(신라 원성왕 14)    ② 청제중립비-1688년(조선 숙종 14) ","
                공유
        ","
               영천시
		",N,http://www.khs.go.kr/unisearch/images/national_treasure/2025062010151892.jpg,"   ‘영천 청제비’는 신라 때 조성 이래 현재까지 사용되고 있는 ‘청못’ 옆에 세워진 비석으로 받침돌과 덮개돌 없이 자연석에 비문을 새긴 2기의 비석이다. 청제축조･수리비와 청제중립비로 구성된 이 비석은 세 시기에 걸쳐 청제의 조영 및 수리와 관련된 내용을 새긴 비석으로, 자연재해를 극복하는 토목 기술과 국가 관리 체계를 보여주는 문화유산이다.
  청제축조비와 청제수리비는 모양이 일정치 않은 하나의 돌 앞뒷면에 내용을 새겼는데, 위쪽이 얇고 아래쪽이 두꺼운 형태이다. 청제축조비는 536년(법흥왕 23) 청제를 처음 조성한 내용을 담고 있으며, 비문은 10행으로 각 행의 글자 수는 9～12자이다. 서체는 고졸하고 비정형적이며 자유분방한 6세기 신라 서풍의 전형에 해당한다. 청제수리비는 798년(원성왕 14) 청제의 수리에 관한 내용을 담고 있으며, 비문은 12행으로 각 행의 글자 수는 4～16자이다. 서체는 통일신라의 세련된 서체와 달리 청제축조비의 신라 고유 서풍을 계승하였다. 두 면의 비문 대부분은 판독이 가능할 정도로 양호한 상태이다.
  바로 옆의 청제중립비는 1688년(숙종 14) 청제축조･수리비가 땅에 묻혀 있었던 것을 다시 일으켜 세운 사실을 담고 있다. 서체는 조선의 일반적인 해서와 다른 신라의 고졸한 서풍을 반영하고 있다.
  ‘영천 청제비’는 청제의 축조 과정과 수리 과정, 왕실(국왕) 소유의 제방 관리 및 보고 체계 등을 기록함으로써 신라의 정치 및 사회･경제적 내용을 연구･확정지을 수 있는 중요한 자료가 될 수 있어 역사적･학술적 가치가 매우 크다는 점, 또한 그 유래를 찾기 어려운 고비석으로서 한 비석에 시기를 달리하는 비문을 기록하고 있다는 점에서 희귀한 사례라는 점, 조성 이래 현재까지 원 위치에서 그대로 보존되고 있다는 점에서 국보로 승격하여 보존･관리할 만한 가치가 충분하다."
12,4650000000,37,1123704650000,128.8987576,35.93750099,보물,유적건조물,종교신앙,불교,탑,영천 신월리 삼층석탑,永川 新月里 三層石塔,1기,19681219,경상북도,영천시,"
			
	             
	                 
	                 
	                     경북 영천시 금호읍 금호로 360-29, 신흥사 (신월리)
	                 
	             
	         
	         
		",통일신라시대,"
                신흥사
        ","
               신흥사
		",N,http://www.khs.go.kr/unisearch/images/treasure/1621023.jpg,"9세기 통일신라시대의 석탑으로 높이는 4.75m이다. 
탑이 세워질 당시의 절의 이름이나 규모에 대해서는 알려진 바가 없으며, 최근 이 터에 법당을 짓고 신흥사(新興寺)라 이름지어 탑을 보존하고 있다.
 이 탑은 기단(基壇)을 2층으로 마련하고, 그 위로 기와집 모양의 탑신(塔身)을 3층으로 쌓아 올린 통일신라시대의 석탑이다. 기단은 위아래층 모두 각 면의 모서리와 가운데 부분에 기둥 모양의 조각을 새겼으며, 위층 기단 각 면에는 8부중상(八部衆像)을 새겨 놓았다. 8부중상이란 불법을 지키는 여덟신의 모습으로 석탑에서는 주로 기단에 새기는데, 탑신에 모셔진 부처의 사리나 불경 등을 지키고 있는 모습이다. 탑신은 각 층의 몸돌과 지붕돌을 각각 하나의 돌로 사용하였으며, 몸돌 모서리마다 기둥 모양을 조각하였다. 1층 몸돌에는 4면 모두 문짝 모양의 조각을 새기고 각각 그 안에 자물쇠와 문고리 모양의 조각을 표현해 놓았다. 지붕돌 밑면의 받침은 모두 4단으로 새겼고, 처마선은 수평을 이루나 두꺼워 보인다. 지붕돌 경사면의 네 귀퉁이는 이러한 두터운 지붕돌에 비해 아주 경쾌하게 위로 치켜올려져 있다.
 전체적으로 1층 몸돌이 큰 것에서 오는 불균형이 있고 각 4면에 모두 조각을 새겨 과장된 듯한 느낌이 들기는 하나, 당시의 수법만은 잃지 않은 아름다운 작품이다."
12,4860000000,37,1123704860000,128.7680167,35.9965597,보물,유적건조물,종교신앙,불교,기타,영천 은해사 백흥암 수미단,永川 銀海寺 百興庵 須彌壇,1기,19681219,경상북도,영천시,"
			
	             
	                 
	                 
	                     경상북도 영천시 은해사로  417-144(청통면, 백흥암) 
	                 
	             
	         
	         
		",조선시대,"
                은해사
        ","
               은해사 백흥암
		",N,http://www.khs.go.kr/unisearch/images/treasure/1621056.jpg,"수미단이란 상상의 산인 수미산 형태의 단을 만들고 그 위에 불상을 모시는 불단를 말한다.
 영천 은해사 백흥암 수미단(永川 銀海寺 百興庵 須彌壇)은 극락전에 있는 높이 125㎝, 너비 413㎝의 조선 후기에 만든 불단이다. 앞쪽 면은 5단으로 되어 있으며, 각 단도 5등분 되어 각각 직사각형 모양이다. 가장 위에 있는 단은 안상문을 도드라지게 조각하였다. 제2단은 봉황·공작·학·꿩 등을, 제3단은 용·어린아이·물고기·개구리 등을 매우 섬세하게 조각하였다. 제4단은 꽃잎 속에 있는 코끼리·사자·사슴 등을 조각하였고, 가장 아래단의 양쪽 끝에는 도깨비 얼굴을, 가운데 부분에는 용을 조각하였다.
 각 단에 있는 새나 동물의 배열이 특색 있고, 조각기법도 매우 우수하다. 이런 특징이 있는 불단은 조선 후기 작품으로 더러 남아 있지만, 이 불단은 그 중에서도 대표되는 작품으로 가치가 있다."
12,5130000000,37,1123705130000,128.9688734,36.0394867,보물,유물,불교조각,금속조,보살상,영천 선원동 철조여래좌상,永川 仙源洞 鐵造如來坐像,1구,19690730,경상북도,영천시,"
			
	             
	                 
	                 
	                     경북 영천시 임고면 환구길 144, 선정사 (선원리)
	                 
	             
	         
	         
		",고려시대,"
                국유
        ","
               영천시
		",N,http://www.khs.go.kr/unisearch/images/treasure/1621143.jpg,"통일신라 후기부터 고려시대에 걸쳐 철로 만든 불상이 유행하게 되는데, 영천 선원동 철조여래좌상(永川 仙源洞 鐵造如來坐像)은 안정감 있는 신체 비례와 양감 있는 체구 등에서 통일신라시대 불상양식을 계승하고 있는 고려 초기 불상 모습을 보여주고 있다. 
 머리 위에는 상투 모양의 머리(육계)가 있고 이마 위쪽으로는 고려시대 불상에서 자주 나타나는 반달 모양을 분명하게 표현하였다. 얼굴은 둥근 편으로 치켜올라간 눈썹, 긴 눈꼬리, 짧은 인중, 꼭 다문 입 등에서 근엄한 인상을 풍기고 있다. 오른쪽 어깨를 드러내고 왼쪽 어깨에만 걸쳐 입은 옷은 매우 얇게 표현하여 신체의 윤곽을 남김없이 드러낸다. 간략한 옷주름은 국립중앙박물관 소장의 철조비로자나불좌상이나 단호사 철불좌상(보물)처럼 완전히 기하학적이고 도식적인 모습은 아니어서 고려시대 철불좌상의 양식 전개과정을 확인할 수 있다.
 머리에 표현된 반달 모양, 다소 경직된 얼굴 표현, 간략해진 신체 표현 등에서 고려 초기 불상양식을 대변하고 있는 우수한 철불상으로 주목된다."
12,5140000000,37,1123705140000,128.7591883,36.00376119,보물,유물,불교조각,금속조,보살상,영천 은해사 운부암 금동보살좌상,永川 銀海寺 雲浮庵 金銅菩薩坐像,1구,19690730,경상북도,영천시,"
			
	             
	                 
	                 
	                     경상북도 영천시 은해사로  660(청통면, 은해사 운부암) 
	                 
	             
	         
	         
		",조선시대,"
                은해사
        ","
               은해사
		",N,http://www.khs.go.kr/unisearch/images/treasure/1621144.jpg,"영천 은해사 운부암 금동보살좌상(永川 銀海寺 雲浮庵 金銅菩薩坐像)은 신라 헌덕왕 1년(809)에 혜철국사가 창건한 은해사의 운부암에 모셔진 보살상으로 불꽃무늬·꽃무늬·극락조(極樂鳥) 등으로 장식한 화려한 관(冠)을 쓰고 있는 높이 1.02m의 아담한 작품이다.
 얼굴은 눈꼬리가 약간 올라간 갸름한 형태이며, 온 몸을 휘감은 구슬장식이 무척 화려한 모습이다. 신체 표현은 굴곡 없이 수평적이어서 형식적으로 처리된 느낌이지만 안정감을 주고 있다. 이런 표현은 영덕 장육사 건칠보살좌상(보물), 대승사 금동보살좌상(보물)과 비슷한 양식으로 지방적인 특색이 엿보인다. 목에 있는 띠 주름식의 삼도(三道), 가슴 아래 띠로 묶은 매듭 표현, 양 다리에 대칭적으로 흘러내린 옷주름 등은 조선 초기 보살상의 전형적인 양식을 따르고 있는 모습이다.
 이러한 점에서 고려 후기 경상북도 지역의 지방색을 계승하고 있는 조선 초기의 보살상으로 볼 수 있다."
12,5210000000,37,1123705210000,128.9289828,35.96642465,보물,유적건조물,주거생활,주거건축,가옥,영천 숭렬당,永川 崇烈堂,1동,19700723,경상북도,영천시,"
			
	             
	                 
	                 
	                     경북 영천시 숭렬당길 1 (성내동)
	                 
	             
	         
	         
		",조선시대 후기,"
                이＊＊＊
        ","
               영천이씨문중
		",N,http://www.khs.go.kr/unisearch/images/treasure/1621156.jpg,"조선 세종 때 대마도와 여진 정벌에 공을 세운 이순몽 장군의 집으로 세종 15년(1433)에 중국식으로 지은 건물이다. 1970년 문화유산으로 지정된 뒤 복원공사를 한 건물로 지금은 장군의 위패를 모시고 제사를 드리는 사당으로 쓰고 있다.
 규모는 앞면 5칸·옆면 3칸이며 지붕은 옆면에서 볼 때 사람 인(人)자 모양인 맞배지붕인데 그 양쪽 끝 칸에 날개를 단 듯 지붕을 덧달았다. 따라서 전체로 보면 옆면이 여덟 팔(八)자 모양과 비슷한 팔작지붕으로 볼 수 있다. 이 같은 모양은 맞배지붕이 팔작지붕으로 변하는 과정을 보이고 있는 지붕 형식이다. 지붕 처마를 받치기 위해 기둥 위부분에 장식하여 짜은 구조는 새부리 모양으로 뻗쳐 나왔다. 평면은 가운데 3칸보다 양쪽 끝 칸이 한 자씩 좁으며 건물 안쪽의 천장은 가구가 훤히 보이는 연등천장으로 꾸미고 있다.
 구조가 조선 전기의 수법을 보이고 있지만 일부 재료의 정교하고 아름다운 조각들이 조선 후기의 수법을 나타내고 있다. 조사결과 몇 차례 수리가 있었던 것으로 보이는데 대체로 검소하고 건실하게 지은 집이다."
12,6160000000,37,1123706160000,128.9282576,35.96999317,보물,유적건조물,교육문화,교육기관,향교,영천향교 대성전,永川鄕校 大成殿,1동,19780411,경상북도,영천시,"
			
	             
	                 
	                 
	                     경상북도 영천시 교촌길 34 (교촌동) 
	                 
	             
	         
	         
		",조선 세종 17년(1435),"
                향교재단
        ","
               향교재단
		",N,http://www.khs.go.kr/unisearch/images/treasure/1621284.jpg,"영천향교는 옛 성현께 제사를 드리고 학문을 갈고 닦는 지방의 국립교육기관이다. 제사를 지내는 공간의 중심 건물인 대성전은 공자를 비롯한 여러 성현들의 위패를 모시고 있다. 조선 세종 17년(1435)에 처음 세웠고 중종 8년(1513)에 군수 김흠조가 고쳤는데, 지금 있는 건물은 그 뒤에도 여러 차례 다시 짓고 수리한 것이다.
 규모는 앞면 5칸·옆면 3칸이며 지붕은 옆면에서 볼 때 사람 인(人)자 모양을 한 맞배지붕이다. 가운데 칸과 양쪽 두 칸에 여닫이문을 달아 문 윗부분을 우물 정(井)자 모양의 창살로 꾸몄다. 옆면 1칸을 터서 복도형식으로 만든 일반적인 대성전 건축 형식과는 달리, 옆면 3칸을 모두 내부로 만들고 있는 점이 특이하다. 건물 안쪽은 가운데 칸 뒷쪽에 1개, 양쪽에 2개씩 제단을 만들었고 천장은 서까래가 훤히 보이는 연등천장이다."
12,6520000000,37,1123706520000,128.9385509,35.9732205,보물,기록유산,전적류,필사본,고본,이형상 수고본,李衡祥 手稿本,10종 15책,19790207,경상북도,영천시,"
			
	         
	             경상북도  영천시
	         
		",,"
                완＊＊＊
        ","
               완＊＊＊
		",N,http://www.khs.go.kr/unisearch/images/treasure/2018101214492600.jpg,"‘이형상 수고본(李衡祥 手稿本)’은 조선 숙종 때의 국학자이자 실학의 선구자였던 병와 이형상(甁窩 李衡祥, 1653∼1733)이 남긴 친필 원고본이다.
이형상의 자는 중옥(仲玉), 호는 병와·순옹(順翁), 본관은 전주(全州), 효령대군의 10대손이다. 1677년(숙종 3)에 사마시, 1680년(숙종 6)에 문과에 급제한 후 호조좌랑·청주목사·동래부사·제주목사 등을 지냈다. 그 후 벼슬을 사양하고 영천에 호연정(浩然亭)을 짓고 30여 년 간을 후학 양성과 저술에 전념했다. 그의 학문 영역은 매우 넓고 깊어서 경학 및 성리학을 비롯하여 예학·역사·전기·지리·시문에 이르는 넓은 분야를 해박한 지식을 가지고서 다루고 있다. 그는 저서뿐만 아니라 그와 관련된 간찰·교지 등의 고문서와 인각, 기타 유품도 남겨 놓았다. 
‘이형상 수고본’으로 일괄 지정된 그의 저술은 10종 15책으로 성리학을 비롯하여 예학·역사·전기·지리·시문 등 넓은 분야를 포괄하는 국학연구에 도움이 되는 자료들로서 그 가치가 있다. 구체적인 목록은 다음과 같다.
(1) 선후천(先後天) 3책 : 역학 관계 저술인 활자본
(2) 악학편고(樂學便考) 3책 : 신라·고려 및 조선 초기의 속악을 모아놓은 악학서
(3) 악학습령(樂學拾零) 1책 : 고려 및 조선 초기의 1,109수의 시조를 모아놓은 시조집
(4) 강도지(江都志) 2책 : 강화의 지리지이자 수어책(守禦策)을 기술한 필사본
(5) 남환박물지(南宦博物誌) 1책 : 1704년에 완성된 제주의 자연, 풍물 등을 수록한 지리서
(6) 탐라순력도(耽羅巡歷圖) 1첩 : 이형상이 제주 관내를 한 달간 순력(감사가 도내의 각 고을을 순회함)하고 돌아온 후 그간의 여러 가지 상황들을 28폭의 그림에 담아낸 총 41면으로 된 도첩. 제주도 소속 화공 김남길이 그림을 그리고 이형상이 설명을 삽입하여 함께 제작한 것으로 18세기 초 제주도의 자연, 역사, 산물 등이 기록된 작품으로 역사적, 문화적, 회화적 가치가 높음
(7) 동이산략(東耳刪略) 1책 : 일본 지리에 대한 박물지로 일본의 군병, 병기, 병서 및 일본의 지형 정세를 기술한 필사본
(8) 둔서록(遯筮錄) 1책 : 이형상이 조정에 올린 글을 모은 책
(9) 부부유목(覆瓿類目) 1책 : 이형상이 자신이 쓴 글을 유목별로 나누어 정리한 책
(10) 정안여분(靜安餘噴) 1책 : 이형상이 자신이 쓴 글을 서목별로 요약한 책"
12,6750000000,37,1123706750000,128.7662098,36.08410427,보물,유적건조물,종교신앙,불교,탑,영천 화남리 삼층석탑,永川 華南里 三層石塔,1기,19800916,경상북도,영천시,"
			
	             
	                 
	                 
	                     경북 영천시 신녕면 화남리 498번지
	                 
	             
	         
	         
		",신라시대 후기,"
                국유
        ","
               영천시
		",N,http://www.khs.go.kr/unisearch/images/treasure/1621414.jpg,"옛 한광사의 불전 앞에 동서로 서 있던 쌍탑 중 하나로, 이 탑의 기단석 한 면을 열자 그 안에서 영천 화남리 석조여래좌상이 발견되었다. 
 1단의 기단(基壇) 위에 3층의 탑신(塔身)을 올린 모습으로 꼭대기에는 머리장식을 받치던 받침돌만 남아있다. 기단은 네 모서리와 가운데에, 탑신의 몸돌에는 네 모서리에 각각 기둥 모양을 본떠 새겼다. 지붕돌은 밑면에 4단의 받침을 두었으며, 낙수면은 약한 곡선을 그리며 경쾌하게 표현되었다. 
 이 탑은 통일신라시대인 9세기경에 만들어진 것으로, 각 층의 지붕돌과 몸돌은 하나의 돌로 조각한 전형적인 통일신라시대의 석탑양식을 따르고 있다."
12,6760000000,37,1123706760000,128.766369,36.08425313,보물,유물,불교조각,석조,불상,영천 화남리 석조여래좌상,永川 華南里 石造如來坐像,1구,19800916,경상북도,영천시,"
			
	             
	                 
	                 
	                     경북 영천시 신녕면 화남리 499번지
	                 
	             
	         
	         
		",고려시대,"
                국유
        ","
               영천시
		",N,http://www.khs.go.kr/unisearch/images/treasure/1621420.jpg,"경상북도 영천시 한광사(閑光寺) 뜰에 영천 화남리 삼층석탑과 함께 놓여있는 석불좌상이다.  
보물로 지정될 당시에 삼층석탑을 해체·복원하는중 발견되었으며, 석탑의 기단석 한 면을 열자 그 안에 불상이 모셔져 있던 것을 원래 있던 대좌(臺座)에 모시고 있다. 
 작은 소라 모양의 촘촘한 머리칼, 작고 둥근 얼굴, 좁은 어깨, 빈약한 체구 등에서 단정하게 참선하고 있는 스님의 모습을 느낄 수 있다. 양 어깨에 걸쳐 입은 옷은 양 팔에 이르러 길게 늘어져 평행한 옷주름을 형성하고 있다. 배 부분에서 부드러운 곡선을 그리며 흘러내린 옷주름이 무릎과 다리까지 덮고 있는 모습이다. 손모양은 오른손으로 왼손 검지를 감싸고 있는 모습으로 이 불상이 비로자나불을 표현한 것임을 알 수 있게 해 준다. 불상이 앉아 있는 대좌(臺座)는 8각의 중대와 연꽃이 새겨진 상대·하대로 이루어져 있다.
 이전의 불상들보다 한층 규격화되고 섬약해진 표현으로 볼 때 고려시대인 10세기에 만들어진 작품으로 보인다."
12,7900000000,37,1123707900000,128.767734,35.996623,보물,유적건조물,종교신앙,불교,불전,영천 은해사 백흥암 극락전,永川 銀海寺 百興庵 極樂殿,1동,19840705,경상북도,영천시,"
			
	             
	                 
	                 
	                     경북 영천시 청통면 청통로 951-792 (치일리)
	                 
	             
	         
	         
		",조선 인종,"
                은해사
        ","
               은해사
		",N,http://www.khs.go.kr/unisearch/images/treasure/1621521.jpg,"백흥암은 은해사에 속한 암자로 신라말에 지은 것으로 전한다. 조선 명종 1년(1546) 인종의 태실(胎室)을 팔공산에 모시게 되자 백흥암을 수호사찰로 정하고 크게 고쳤다고 한다.
 극락세계를 상징하는 아미타삼존불을 모시고 있는 극락전은 인조 21년(1643)에 지은 것으로 지금 있는 건물은 그 뒤로 여러 차례 수리한 것이다. 규모는 앞면 3칸·옆면 3칸이며 지붕은 옆면에서 볼 때 여덟 팔(八)자 모양을 한 팔작지붕이다. 지붕 처마를 받치기 위해 기둥 위부분에 장식하여 짜은 구조가 기둥 위뿐만 아니라 기둥 사이에도 있다. 이를 다포 양식이라 하는데 재료의 형태와 짜임이 조선시대의 옛 수법을 잘 갖추고 있다.
 안쪽 천장은 가운데를 높이고 주변을 낮게 만들어 층을 이루게 꾸몄으며, 불상을 올린 불단(수미단)은 조각이 매우 특이하고 우수하여 보물 영천 은해사 백흥암 수미단으로 지정되어 있다."
12,11090000000,37,1123711090000,128.9733585,36.01691292,보물,기록유산,전적류,전적류,전적류,임고서원 전적,臨皐書院 典籍,일괄 (10종 25책),19911216,경상북도,영천시,"
			
	             
	                 
	                 
	                     경상북도 영천시 포은로  447(임고면, 임고서원) 
	                 
	             
	         
	         
		",,"
                임고서원
        ","
               임고서원
		",N,http://www.khs.go.kr/unisearch/images/treasure/1622037.jpg,"임고서원에 소장되어 있는 전적들은 명종 8년(1553)에서 조선 후기까지 있다. 임고서원은 명종 8년(1553)에 창건되어, 선조 36년(1603)에 중건되었다. 
 임고서원에 소장되어 있는 전적은 약 200여 책이 있는데, 이 중에서 지정된 것은 10종 25책이다. 지정된 책을 보면, 『신편음점성리군서구해』·『논어언해』·『심원록』·『임고서원고왕록』·『임고서원장학계안』등의 책으로 모두가 임고서원에 관련된 책이다. 
 이 책을 통해 임고서원이 창건한 명종 8년(1553)에서 조선 후기까지의 사정을 알 수 있는 자료로 서원의 운영과 구성 등 서원연구에 중요한 자료로 평가된다. 

<상세목록>
1. 임고서원소장전적-신편음점성리군서구해(臨皐書院所藏典籍-新編音點性理群書句解) 6冊
2. 임고서원소장전적-회찬송악악무목왕정충록(臨皐書院所藏典籍-會纂宋岳鄂武穆王精忠錄) 3冊
3. 임고서원소장전적-논어언해 3冊
4. 임고서원소장전적-심원록 6冊
5. 임고서원소장전적-고왕록 2冊
6. 임고서원소장전적-임고서원전곡집물범례등록 1冊
7. 임고서원소장전적-임고서원장학계안(부)절목1冊
8. 임고서원소장전적-환성사결입안 1冊
9. 임고서원소장전적-임고서원범규 1冊
10. 임고서원소장전적-서원규범 1冊"
12,11100000100,37,1123711100000,128.9733585,36.01691292,보물,유물,일반회화,인물화,초상화,정몽주 초상(1991),鄭夢周 肖像(1991),1폭,19911216,경상북도,영천시,"
			
	             
	                 
	                 
	                     경상북도 영천시 포은로  447(임고면, 임고서원) 임고서원
	                 
	             
	         
	         
		",1629년,"
                임고서원
        ","
               임고서원
		",N,http://www.khs.go.kr/unisearch/images/treasure/2016062813155600.jpg,"고려시대 충신 정몽주(1337∼1392)의 초상화로 크기는 가로 98㎝, 세로 169.5㎝이다. 정몽주의 호는 포은으로 고려말 혼란기에 정승에 올랐으며, 이성계 추대에 반대하다 이방원에 의해 죽음을 당하였다. 그의 ‘단심가’는 고려에 대한 그의 충절이 담겨져 있다. 
 이 초상화는 임고서원(臨皐書院)에 있는 3점의 정몽주 초상화 가운데 하나로 그림의 오른쪽 아래에 ‘숭정기사모본’이라 쓰여 있는 것이다. 관리들이 쓰는 모자와 엷은 청색의 관복을 입고 오른쪽을 바라보며 의자에 앉아있는 전신상이다. 옷주름 표현은 청색선을 이용하여 묘사하였으며 돗자리나 배경을 표현하지는 않았다. 
 이 초상화는 인조 7년(1629)에 김식이 비단 위에 새로 옮겨 그린 것으로, 비단이 많이 헐었으나 옛 그림화풍이 잘 나타나 있으며 3점의 포은 초상화 중 연대가 두번째로 오래된 것으로 중요한 작품이다."
12,12700000000,37,1123712700000,128.7593287,36.0036716,보물,유물,불교회화,탱화,불도,은해사 괘불탱,銀海寺 掛佛幀,1폭,19970808,경상북도,영천시,"
			
	             
	                 
	                 
	                     경상북도 영천시 은해사로  300(청통면, 은해사) 
	                 
	             
	         
	         
		",조선 영조 26년(1750),"
                은해사
        ","
               은해사
		",N,http://www.khs.go.kr/unisearch/images/treasure/1622152.jpg,"괘불이란 절에서 큰 법회나 의식이 열릴 때 법당 앞 뜰에 걸어놓고 예배를 드리기 위해 만든 대형 불교그림를 말하는데, 이 불화는 거대한 화면에 불을 단독으로 그린 형식으로 비단바탕에 채색되었다.
 이 괘불의 불(佛) 좌우로 대칭되게 장식을 넣어 자칫 단조로워지기 쉬운 화면을 조화롭게 나타내었다. 녹색의 머리광배에 붉은색의 옷을 입고 있으며, 둥근 얼굴에는 부드러운 표정을 짓고 있다. 어깨선 또한 둥글게 처리되어 전체적으로 원만하고 부드러운 이미지를 나타낸다. 화면 윗부분의 양쪽에는 새와 덮개 장식이 있고 중앙부의 양쪽으로는 모란이 배치되어 있어 불세계의 평화스러움을 상징적으로 표현하였다. 황토바탕에 붉은색과 녹색이 주로 사용되었으며 필치가 매우 정밀하면서도 세련되어 활기찬 인상을 준다.
 영조 26년(1750)에 제작된 이 괘불은 연꽃이 활짝 피어난 연못으로부터 천상세계로의 상승을 나타낸 상징적인 화면구성을 하고 있으며 원만한 형태, 세련된 필선, 적절한 색의 조화 등이 매우 돋보이는 18세기 불화 중 걸작으로 꼽히는 작품이다."
12,12710000000,37,1123712710000,128.7188708,36.0389433,보물,유물,불교회화,탱화,불도,수도사 노사나불 괘불탱,修道寺 盧舍那佛 掛佛幀,1폭,19970808,경상북도,영천시,"
			
	             
	                 
	                 
	                     경상북도 영천시 치산관광길  404(신녕면, 수도사) 
	                 
	             
	         
	         
		",조선 숙종 30년(1704년),"
                수도사
        ","
               수도사
		",N,http://www.khs.go.kr/unisearch/images/treasure/1622156.jpg,"화면 가득 노사나불을 그린 독존형식의 괘불인데, 괘불이란 절에 큰 법회나 의식을 진행할 때 법당 앞 뜰에 걸어놓고 예배를 드리기 위해 만든 대형 불교그림을 말한다.
 이 괘불의 노사나불은 둥근 얼굴에 화려한 보관을 쓰고 있으며, 연꽃가지를 오른손으로 들고 왼손으로 받치고 있는 모습이다. 보관 주위에는 비로자나불 형태의 조그만 불상이 7개 있으며, 뒤로 머리광배가 둥글게 둘러져 있다. 둥글고 풍만한 어깨 양쪽으로 붉은 옷이 걸쳐져 있으며 팔꿈치 부분까지 머리가 흘러내려와 있다. 옷의 아래 부분과 등뒤의 광배는 하늘색으로 나타내었고, 등에서 머리 위쪽까지는 오색광선을 그려 넣어 화려함을 더하고 있다. 
 숙종 30년(1704)에 그려진 이 그림은 붉은색과 녹색을 주로 사용하여 조선 후기 불화의 특징을 잘 나타내고 있다. 거친 삼베바탕에 그려 다소 굵게 표현되고 있지만 정밀한 묘사와 치밀한 구성으로 세련미를 보여주고 있다. 순조 22년(1822)에 수정한 적이 있으나 둥그스름한 얼굴과 어깨, 약간 처진 눈썹, 색상 등 조선시대 효종·숙종대의 전형적인 양식을 나타내고 있어 중요한 작품으로 평가되고 있다."
12,16040000000,37,1123716040000,128.7896748,35.9918398,보물,유물,불교공예,의식법구,의식법구,영천 은해사 청동북 및 북걸이,永川 銀海寺 靑銅金鼓 및 金鼓虡,"금고1점, 금고거1점",20090223,경상북도,영천시,"
			
	             
	                 
	                 
	                     경상북도 영천시 은해사로  300(청통면, 은해사) 
	                 
	             
	         
	         
		",1646년,"
                은해사
        ","
               은해사
		",N,http://www.khs.go.kr/unisearch/images/treasure/1622262.jpg,"쇠북이란  절에서 대중을 불러모으거나 의식을 행할때 사용하는 청동으로 만든 소리내는 도구이다. 금고, 금구, 또는 반자라고도 불린다.
 이 금고는 조선 후기에 많이 쓰였던 재질인 청동으로 되어 있고, 크기는 직경 77.2㎝, 두께 12.7㎝로 큰 편이다. 표면의 공간은 큰 동심원을 그린 다음, 금고를 두드리는 자리인 당좌의 원과 안쪽 원, 바깥쪽 원으로 나누었다. 당좌는 3중의 연꽃무늬를 돋을 새김하였고, 안쪽 원에는 봉황무늬 3개와 구름무늬 3개를 배치하였다. 바깥쪽 원에는 연꽃무늬 5개와 이중의 연꽃무늬 5개를 교대로 배치하여 장식하였다.
 측면에는 금고를 매달 수 있도록 위쪽과 옆구리에 3개의 고리를 달았으며, 뒷면에 만든 시기를 적은 글이 있다. 문양의 표현은 고려시대 금고에 비해 앞면의 문양이 더 도드라지고 자연스럽다.
 금고 뒷면에 새긴 명문을 통해 1646년에 만들어졌음을 알 수 있고, 무늬의 각종 표현이 고려시대와 조선시대 금고의 문양을 연결해주는 점에서 중요한 의미를 지닌다. 아울러 금고를 거는 금고리 역시 금고와 거의 같은 시기에 만들어 진 것으로 파악되어 귀중한 자료가 된다."
12,16120000000,37,1123716120000,128.8978297,36.1260079,보물,유물,불교회화,,,영천 봉림사 영산회상도 및 복장유물,永川 鳳林寺 靈山會上圖 및 腹藏遺物,"불화1점, 복장유물5종 6점",20090223,경상북도,영천시,"
			
	             
	                 
	                 
	                     경북 영천시 화북면 천문로 2149-368, 봉림사 (자천리)
	                 
	             
	         
	         
		",1724년,"
                봉림사
        ","
               봉림사
		",N,http://www.khs.go.kr/unisearch/images/treasure/1622272.jpg,"이 불화는 17세기말에서 18세기 초 팔공산 일대에서 활발한 활동을 펼친 의균의 제자인 쾌민과 체준 등이 함께 1724년에 제작한 영산회상도로서 중앙의 석가모니불을 중심으로 보살과 제자, 호법신 등이 빽빽하게 둘러싸는 전형적인 군도형식을 보여주고 있다. 본존의 키형 광배와 뾰족한 육계표현, 양감 있는 인물표현, 중후한 사천왕의 신체표현 등은 스승인 의균이 제작한 기림사 비로자나삼불회도와 유사한 특징을 보여주고 있어 스승의 양식을 잘 계승하고 있다. 그러면서도 색채에서 적색과 녹색의 강한 대조를 이루는 색채감이나 권속이 본존을 빽빽하게 둘러싼 구성 등은 의균과는 다른 특징을 보여주고 있으며, 이와 같은 화풍적 특징은 1728년 이후 불화 화풍을 주도하고 있다는데서 더욱 큰 학술적 의미가 있다고 판단된다. 
또한 이 불화는 화기뿐만 아니라 발원문을 비롯하여 후령통 등 격식을 제대로 갖춘 복장주머니(腹藏囊)도 가지고 있어 불화 제작의 상황을 짐작하는데 더 없이 중요한 정보를 제공하고 있다."
12,18570000000,37,1123718570000,128.7943108,35.99026252,보물,유물,불교회화,탱화,,영천 은해사 염불왕생첩경도,永川 銀海寺 念佛往生捷徑圖,1폭,20150304,경상북도,영천시,"
			
	             
	                 
	                 
	                     경상북도 영천시 은해사로  300(청통면, 은해사) 
	                 
	             
	         
	         
		",,"
                은해사
        ","
               은해사
		",N,http://www.khs.go.kr/unisearch/images/treasure/2337256.jpg,"영천 은해사 염불왕생첩경도는 관음보살과 대세지보살이 중생들을 반야용선(般若龍船)에 태우고 극락세계로 인도하는 장면과 이를 맞이하는 아미타불 일행, 극락연지(極樂蓮池)에서 연화화생(蓮花化生)하는 왕생자, 보수(寶樹)와 극락조(極樂鳥) 등 극락의 장엄한 모습을 드라마틱하게 표현한 염불왕생첩경도(念佛往生捷徑圖)이다. 
원래 은해사 심검당에 구장(舊藏)되었던 것으로 도난 되었다가 최근 회수되었는데, 현재 화기는 남아 있지 않지만 도난 이전 조사 시에 건륭(乾隆)15년이라는 연대가 남아 있던 것이 확인되어 1750년도에 조성된 것임을 알 수 있다. 
염불왕생첩경도는 「관무량수경(觀無量壽經)」에 기록된 극락왕생의 장면을 구체적으로 묘사한 작품으로, 관상(觀想)을 통한 막연한 극락왕생이 반야용선을 타고 극락으로 가는 실현 가능한 극락왕생을 염원하던 중생들의 모습을 잘 보여주고 있다. 
조선후기에는 극락왕생의 모습을 직접 그린 불화가 약 20여 점 정도 남아 있는데, 이 작품은 현존하는 조선후기 극락왕생도 중 가장 이른 예라 할 수 있다. 전체적으로 색이 바래서 어두운 편이지만 다행스럽게도 채색이 잘 남아 있으며 보존상태도 매우 양호한 편이다."
12,21780000000,37,1123721780000,128.7770405,35.99709967,보물,유적건조물,무덤,왕실무덤,조선시대,영천 인종대왕 태실,永川 仁宗大王 胎室,"2기(태실1, 비1)",20220826,경상북도,영천시,"
			
	             
	                 
	                 
	                     경상북도 영천시 청통면 치일리 산 24 
	                 
	             
	         
	         
		",조선시대,"
                영천시
        ","
               영천시
		",N,http://www.khs.go.kr/unisearch/images/treasure/2022082609172200.jpg,"「영천 인종대왕 태실」은 조선 왕실이 태를 봉송(奉送)하여 태실에 봉안하는 의례에 따라 1521년(중종 16)에 처음 설치되었다. 이후 인종이 즉위하면서 1546년(명종 1)에 가봉(加封)공사가 완료되었으며, 1680년(숙종 6)에 개수되었고, 1711년(숙종 37) 태실비에 대한 재건이 이루어졌다. 이후 일제강점기 조선총독부에 의하여 전국에 소재한 54개소의 태실에서 태항아리와 태지석 등을 서삼릉으로 이안하고 석물을 폐기하면서, 영천 인종대왕 태실의 태항아리도 1928년 서삼릉으로 이안되었다. 이후 영천 인종대왕 태실은 방치되었다가 1960∼70년대 매몰된 석재에 대한 조사가 이루어졌고, 1999년 발굴 조사가 진행되었다. 이후 2007년 현재와 같은 모습으로 정비되었으며, 현재는 태실 1기, 비 1기 및 기타 석물로 이루어져 있다.

「영천 인종대왕 태실」은 위에서 볼 때 8각형의 평면으로 이루어져 있으며, 주변에 난간석을 두고 중앙에 태가 안치된 승탑(僧塔)형태의 중동석(中童石)이 놓여 있다. 중동석은 연화문(蓮花紋)으로 장식된 네모난 큰 돌 위에 놓여 있으며, 중동석 위에는 두툼한 처마를 지닌 옥개석 형태의 개첨석(蓋檐石)을 얹었다. 개첨석 위에는 연주문(蓮珠紋)이 2단으로 장식된 보주(寶珠)를 올렸다. 중동석 주변으로는 여러 매의 방사형(放射形) 석재를 놓아 8각형의 평면을 구성하고, 바깥 주변으로 석조 난간을 둘렀다. 전면에 위치한 가봉비(加封碑)는 거북 모양의 받침돌인 귀부(龜趺), 비신(碑身) 그리고 이수(螭首)로 이루어져 있다. 비신의 앞면에는 ‘仁宗大王胎室’, 후면에는 ‘嘉靖二十五年五月日建’(1546년)이라고 새겨져 있어, 태실의 주인과 태실비의 건립 시기를 알 수 있다.
「영천 인종대왕 태실」은 설치 과정과 내력을 알 수 있는 관련 기록이 비교적 자세하게 전해지고 있으며, 전체적인 조영기법과 구조 등은 조선왕실의 태실 의궤의 내용에 부합된다. 또한 태실과 태실비의 전체적인 조영기법이 우수하며, 태실을 구성하는 석물의 세부 치석이나 장식기법이 정연하고, 문양과 조각 기법이 우수하여, 역사적, 학술적, 예술적, 기술적 가치가 높다고 평가된다.
「영천 인종대왕 태실」은 처음 설치된 이후 원 위치를 유지하고 있으며, 전체적인 구성과 입지 등은 원래의 조영 의도와 가치를 보존하고 있다. 또한 태(胎)를 안치하는 당대의 문화적 전통을 잘 반영하고 있으며, 현존하는 조선왕실의 태실 가운데 규모가 크고, 문화유산으로서 지녀야할 보편적 가치와 함께, 완전성과 진정성도 구비하고 있어, 국가지정유산으로 승격될만한 가치를 지니고 있다."
13,5680000900,37,1333705680900,128.8359748,35.98231987,사적,유적건조물,교통통신,통신,봉수,제2로 직봉 - 영천 성산 봉수 유적,第2路 直烽 – 永川 城山 烽燧 遺蹟,"▲지정구역 3필지(634㎡) ▲보호구역 3필지(3,077㎡)",20230110,경상북도,영천시,"
			
	             
	                 
	                 
	                     경상북도 영천시 청통면 원촌리 산 15 일원
	                 
	             
	         
	         
		",조선시대,"
                산＊＊＊
        ","
               영천시
		",N,http://www.khs.go.kr/unisearch/images/history_site/2023013017534401.JPG,"○  조선 최후기 봉수망을 알 수 있는 증보문헌비고(增補文獻備考)(1908)에 제2거 직봉은 부산 다대포진 응봉봉수에서 초기하는 노선으로 총 44기가 있다.  2로 직봉 유적의 제2거는 직봉과 10개소의 간봉으로 이루어져 있다. 소백산맥의 주요한 영로(嶺路)를 넘는 노선이 모두 봉수로(烽燧路)가 되었으며, 가장 동쪽의 죽령(竹嶺)을 넘는 노선이 직봉(直烽)이 되고, 중앙의 통로인 계립령(鷄立嶺)을 넘는 노선과 보다 서쪽의 추풍령(秋風嶺)을 넘는 노선이 주요 간봉(間烽)이었다. 따라서 제2거 노선의 경우 직봉과 간봉은 그 중요성에 있어서 구분의 여지가 적었으며, 동남쪽 해안지역에서 최대한 빨리 경보를 서울 한양(漢陽) 도성(都城)으로 연락하기 위한 방법이었다.

○ 제2로는 직봉 외에 전체 5거의 노선 중 가장 많은 10개소의 간봉을 두었다. 이는 제2거 노선이 영덕 광산봉수(廣山烽燧)를 북방 한계선으로 하고, 남해 설흘산봉수(雪屹山烽燧)를 남방 한계선으로 하는 동해안과 경남 남해안의 긴 해안선을 감시·조망해야 했기 때문이다.

○ 제2로 각 노선의 봉수가 초기(初起)하거나 소재하였던 곳은 영덕·포항·울산·부산·창원·진해·마산·거제·고성·통영·사천·남해 등 경상도의 동·남해 연안이다. 이들 지역에는 연변봉수(沿邊烽燧)와 권설봉수(權設烽燧)가 혼재하고 있다. 그리고, 문헌기록이 없으며 초축시기와 운용상황이 불분명한 요망(瞭望)·망대(望臺)도 일부 확인되고 있다."
13,5680001000,37,1333705681000,128.8963818,35.9584018,사적,유적건조물,교통통신,통신,봉수,제2로 직봉 - 영천 성황당 봉수 유적,第2路 直烽 – 永川 城隍堂 烽燧 遺蹟,"▲지정구역 3필지(1,095㎡) ▲보호구역 4필지(3,628㎡)",20230110,경상북도,영천시,"
			
	             
	                 
	                 
	                     경상북도 영천시 금호읍 원제리 산 16-2 일원
	                 
	             
	         
	         
		",조선시대,"
                산＊＊＊
        ","
               영천시
		",N,http://www.khs.go.kr/unisearch/images/history_site/2023013017570401.JPG,"○  조선 최후기 봉수망을 알 수 있는 증보문헌비고(增補文獻備考)(1908)에 제2거 직봉은 부산 다대포진 응봉봉수에서 초기하는 노선으로 총 44기가 있다.  2로 직봉 유적의 제2거는 직봉과 10개소의 간봉으로 이루어져 있다. 소백산맥의 주요한 영로(嶺路)를 넘는 노선이 모두 봉수로(烽燧路)가 되었으며, 가장 동쪽의 죽령(竹嶺)을 넘는 노선이 직봉(直烽)이 되고, 중앙의 통로인 계립령(鷄立嶺)을 넘는 노선과 보다 서쪽의 추풍령(秋風嶺)을 넘는 노선이 주요 간봉(間烽)이었다. 따라서 제2거 노선의 경우 직봉과 간봉은 그 중요성에 있어서 구분의 여지가 적었으며, 동남쪽 해안지역에서 최대한 빨리 경보를 서울 한양(漢陽) 도성(都城)으로 연락하기 위한 방법이었다.

○ 제2로는 직봉 외에 전체 5거의 노선 중 가장 많은 10개소의 간봉을 두었다. 이는 제2거 노선이 영덕 광산봉수(廣山烽燧)를 북방 한계선으로 하고, 남해 설흘산봉수(雪屹山烽燧)를 남방 한계선으로 하는 동해안과 경남 남해안의 긴 해안선을 감시·조망해야 했기 때문이다.

○ 제2로 각 노선의 봉수가 초기(初起)하거나 소재하였던 곳은 영덕·포항·울산·부산·창원·진해·마산·거제·고성·통영·사천·남해 등 경상도의 동·남해 연안이다. 이들 지역에는 연변봉수(沿邊烽燧)와 권설봉수(權設烽燧)가 혼재하고 있다. 그리고, 문헌기록이 없으며 초축시기와 운용상황이 불분명한 요망(瞭望)·망대(望臺)도 일부 확인되고 있다."
13,5680001100,37,1333705681100,128.7612495,36.05687704,사적,유적건조물,교통통신,통신,봉수,제2로 직봉 - 영천 여음동 봉수 유적,第2路 直烽 – 永川 餘音洞 烽燧 遺蹟,"▲지정구역 2필지(663㎡) ▲보호구역 7필지(3,167㎡)",20230110,경상북도,영천시,"
			
	             
	                 
	                 
	                     경상북도 영천시 신녕면 왕산리 산 16 일원
	                 
	             
	         
	         
		",조선시대,"
                산＊＊＊
        ","
               영천시
		",N,http://www.khs.go.kr/unisearch/images/history_site/2023013018004100.JPG,"○  조선 최후기 봉수망을 알 수 있는 증보문헌비고(增補文獻備考)(1908)에 제2거 직봉은 부산 다대포진 응봉봉수에서 초기하는 노선으로 총 44기가 있다.  2로 직봉 유적의 제2거는 직봉과 10개소의 간봉으로 이루어져 있다. 소백산맥의 주요한 영로(嶺路)를 넘는 노선이 모두 봉수로(烽燧路)가 되었으며, 가장 동쪽의 죽령(竹嶺)을 넘는 노선이 직봉(直烽)이 되고, 중앙의 통로인 계립령(鷄立嶺)을 넘는 노선과 보다 서쪽의 추풍령(秋風嶺)을 넘는 노선이 주요 간봉(間烽)이었다. 따라서 제2거 노선의 경우 직봉과 간봉은 그 중요성에 있어서 구분의 여지가 적었으며, 동남쪽 해안지역에서 최대한 빨리 경보를 서울 한양(漢陽) 도성(都城)으로 연락하기 위한 방법이었다.

○ 제2로는 직봉 외에 전체 5거의 노선 중 가장 많은 10개소의 간봉을 두었다. 이는 제2거 노선이 영덕 광산봉수(廣山烽燧)를 북방 한계선으로 하고, 남해 설흘산봉수(雪屹山烽燧)를 남방 한계선으로 하는 동해안과 경남 남해안의 긴 해안선을 감시·조망해야 했기 때문이다.

○ 제2로 각 노선의 봉수가 초기(初起)하거나 소재하였던 곳은 영덕·포항·울산·부산·창원·진해·마산·거제·고성·통영·사천·남해 등 경상도의 동·남해 연안이다. 이들 지역에는 연변봉수(沿邊烽燧)와 권설봉수(權設烽燧)가 혼재하고 있다. 그리고, 문헌기록이 없으며 초축시기와 운용상황이 불분명한 요망(瞭望)·망대(望臺)도 일부 확인되고 있다."
16,4040000000,37,1363704040000,128.9131511,36.1032809,천연기념물,자연유산,천연기념물,문화역사기념물,생활,영천 자천리 오리장림,永川 慈川里 五里長林,280여주,19990406,경상북도,영천시,"
			
	             
	                 
	                 
	                     경북 영천시 화북면 자천리 1421-1번지
	                 
	             
	         
	         
		",1580년대(추정),"
                건설부 외 
        ","
               영천시
		",N,http://www.khs.go.kr/unisearch/images/natural_monument/1631805.jpg,"영천 자천리 오리장림(五里長林)은 마을의 바람막이, 제방보호 및 홍수방지를 위해 만들어진 숲이다. 1500년대에 마을 주민들이 만든 것이라고 전하는데, 현재 왕버들, 느티나무, 회화나무 등의 수목 200여 그루가 숲을 이루고 있다.

오리장림이라는 숲의 이름은 숲의 길이가 5리(2㎞)에 달해 옛부터 오리장림이라 불렸다고 전한다. 근래에 들어서는 자천숲이라고 부르기도 한다. 마을 주민들은 이 숲이 만들어진 때부터 매년 정월 대보름에 마을의 평안을 위해 제사를 지내고 있다.

영천 자천리 오리장림은 제방보호, 마을 수호 및 마을의 경관을 아름답게 꾸며주는 풍치림의 기능을 하고 있을뿐만 아니라, 우리 민족의 자연애호사상을 알 수 있게 해주는 귀중한 자료가 되므로 천연기념물로 지정·보호하고 있다."
18,240000000,37,1483700240000,128.976705,36.073145,국가민속문화유산,유적건조물,주거생활,주거건축,가옥,영천 매산고택과 산수정,永川 梅山古宅과 山水亭,"12필지/6,175㎡",19701229,경상북도,영천시,"
			
	             
	                 
	                 
	                     경북 영천시 임고면 삼매매곡길 356-6 (삼매리)
	                 
	             
	         
	         
		",조선시대,"
                정＊＊＊
        ","
               정＊＊＊
		",N,http://www.khs.go.kr/unisearch/images/imp_folklore_material/1634789.jpg,"풍수지리학상 좋은 터에 자리 잡고 있는 이 집은 '매산 정중기'(1685∼1757) 선생이 짓기 시작하여 둘째 아들 '정일찬'이 완성하였다고 한다. 대문채·안채·사랑채·사당들로 구성되어 있으며, 대문을 들어서면 전형적인 'ㅁ'자 평면을 가진 안채가 있다. 사랑채 누마루는 사랑방과 직각을 이루면서 덧붙어 있다.
  대문채는 3칸 규모로 양쪽으로 긴 담장이 있고 안채 가운데로 대청을 두었다. 대청 왼쪽으로는 큰방과 부엌을 두었는데, 이와 같은 형식은 영남지방의 구성을 따르고 있는 것이다. 사랑채의 독립된 건물인 산수정은 동쪽 사랑방과 이어져 있는데 지붕을 얹은 수법이 지붕 옆면을 건물의 앞면으로 사용하여 특이한 배치를 보이고 있다. 사랑채는 본채 오른편에 따로 담장을 둘러 구성하고 있다.
  집터를 잘 활용하여 지은 전통있는 조선시대 가옥으로 지리·건축·민속의 여러 측면에서 귀한 연구 자료로 평가받고 있다.
  지정당시 명칭은 '영천정재영씨가옥및산수정(永川鄭在永氏家屋및山水亭)'이었으나, 가옥을 지은 정중기의 호를 따라 ‘영천 매산 고택 및 산수정’으로 명칭 변경(2007.1.29)하였다.
<b>※ 위 국가유산은 일반적으로 관람이 가능하나, 소유주 등의 개인적 사정으로 관람이 제한될 수도 있습니다.</b>"
18,1070000000,37,1483701070000,128.977497,36.05056024,국가민속문화유산,유적건조물,주거생활,주거건축,가옥,영천 연정고택,永川 蓮亭古宅,"4필지/5,851㎡",19791231,경상북도,영천시,"
			
	             
	                 
	                 
	                     경북 영천시 임고면 선원연정길 49-10 (선원리)
	                 
	             
	         
	         
		",조선 영조 32년(1756),"
                정＊＊＊
        ","
               정＊＊＊
		",N,http://www.khs.go.kr/unisearch/images/imp_folklore_material/1635169.jpg,"현재의 주인 정용준씨의 8대조가 영조 원년(1725)에 지은 집으로 본채와 정자로 되어있다. 넓은 대지에 연못이 있는 이 집은 안채·사랑채·아래채·곳간채가 ㅁ자 평면을 이루는 서남향집이다. 연못가의 정자는 별당으로서 사랑채 마당가에 따로 떨어져 남향으로 자리잡고 있다.
 안채는 ‘일심당’이라고 하며 안방·대청·건넌방·부엌·광으로 되어있다. 3칸 크기의 큰 부엌이 안방의 아래로 길게 굽어나가는 'ㄱ'자집의 형식은 영남지역의 큰 주택에서는 흔히 볼 수 있는 구조이다. 외양간·방앗간·광을 가진 아래채는 안채의 부엌·광을 마주보고 있으며 방앗간에는 디딜방아가 설치되어 있다. 대문의 오른쪽으로 위치한 사랑채는 사랑방·대청·광·마루방이 배열되어 있다. 곳간채는 대문의 왼쪽에 위치한다.
 마당 밖을 흐르는 작은 계곡 쪽을 넓혀 만든 연못은 인공의 티가 나지 않을 정도로 자연스럽다. 정자는 넓은 대청과 온돌방으로 되어 있다. 몸채와 정자, 작은 연못의 합리적 구성은 주인의 자연애와 운치있는 생활관, 인생의 지혜를 잘 나타내 준다.
<b>※ 위 국가유산은 일반적으로 관람이 가능하나, 소유주 등의 개인적 사정으로 관람이 제한될 수도 있습니다.</b>"
18,1190000000,37,1483701190000,128.9284714,35.964665,국가민속문화유산,유물,생활공예,,,병와 이형상 유품,甁窩 李衡祥 遺品,일괄(59점),19820807,경상북도,영천시,"
			
	         
	             경상북도  영천시
	         
		",조선시대,"
                전＊＊＊
        ","
               전＊＊＊
		",N,http://www.khs.go.kr/unisearch/images/imp_folklore_material/1635197.jpg,"병와 이형상(1653∼1733)은 효령대군의 10대손으로 숙종 6년(1680) 별시문과에 급제하여 호조좌랑 등을 역임하였다. 그는 덕유산에 도적이 많아지자 문무를 겸비한 인물로 추천되어 금산군수로 부임하여 도적을 평정하고 선정을 베풀었다. 영조 3년(1727) 호조참의에 임명되었으나 사퇴하고 영천에 홍연정을 세워 학문에 열중하였다. 이듬해 가선대부가 되고 후에 한성부윤에 이르렀다.
병와 이형상 유품에는 인장 23점, 호패 9점, 거문고 1점, 화살 9점, 갓끈 5점, 관자 4점, 홀 1점, 옥피리 1점, 칼 2점, 표주박 2점, 벼루 1점, 추구통 1점 등이 있다. 인장 중에는 그의 이름과 호로 된 것들이 있고, 후손의 인장도 상당수 있다.호패는 그가 문과에 급제한 해에 발급된 것이며 후손들의 것이 다수 보관되어 있다. 거문고는 그가 제주목사로 있을 때 이름을 알 수 없는 노인이 한라산 백록담에서 저절로 말라죽은 박달나무로 만든 것으로 그의 선정을 기려 선물한 것이라고 한다. 거문고에는 서문 등의 글이 새겨져 있다.  홀은 상아홀로서 그가 관복을 입을 때 손에 들었던 것이다. 옥피리는 일부 파손되어 두 토막으로 갈라져 있는데, 이것은 그가 평소에 애용하던 것으로 악학에 대한 관심과 조예가 깊었음을 보여준다.  곡도와 은장도 2종 중 곡도는 장도로 길이 67.8㎝, 폭 3㎝, 자루 길이 12.3㎝가 되는 것으로 이것은 임진왜란 이후의 장도형식의 변천을 잘 보여주고 있다. 표주박은 허리에 찰 수 있게 고리를 달아 끈으로 매게 되어있고 벼루는 흑색의 옻칠함에 넣어져 있다. 이외에도 갓끈과 망건줄을 꿰는 관자 등이 있는데, 특히 그와 후손들이 쓴 것으로 보이는 갓끈과 관자의 재질은 당시의 재위를 나타내고 있기도 하다."
18,1750000000,37,1483701750000,128.890803,35.906755,국가민속문화유산,유적건조물,주거생활,주거건축,가옥,영천 만취당 고택,永川 晩翠堂 古宅,"6필지/ 지정구역 2,877㎡, 보호구역 922㎡",19840114,경상북도,영천시,"
			
	             
	                 
	                 
	                     경북 영천시 금호읍 종동길 25 (오계리)
	                 
	             
	         
	         
		",조선 영조,"
                조＊＊＊
        ","
               조＊＊＊
		",N,http://www.khs.go.kr/unisearch/images/imp_folklore_material/1635324.jpg,"조선 선조 때 성리학자 지산 조호익 선생의 7세손인 조학신(1732∼1800) 선생의 집으로 만취당은 사랑채의 이름이다. 새사랑채인 광명헌과 별묘 및 보본재는 후대에 지어진 것으로 전한다. 야산의 소나무 숲에 둘러싼 평지마을의 가운데에 있는 집이다. 길쪽 새사랑채와 행랑채 솟을대문 지붕사이로 사랑채와 안채 지붕이 조금씩 보이는 평면적인 경관을 이루고 있다.
 행랑채와 떨어져 있는 사랑채는 안채와 더불어 'ㅁ'자형을 이루고 있으며, 오른쪽에 사당이 있다. 그 뒤쪽에는 별묘와 보본재 등이 자리하고 있어서 사대부 집의 면모를 갖추었다고 하겠다. 안채는 'ㄷ'자형으로 중앙의 4칸 중에 오른쪽 2칸은 안방이 있고, 대청, 작은방이 있다. 중앙의 양쪽 끝에는 날개가 있어서 안방쪽으로 부엌과 고방이 있으며, 대청쪽으로 아랫방, 마루방이 있다. '만취당'이라는 현판이 붙은 사랑채는 왼쪽 2칸은 사랑방이고, 그 다음이 대청이며, 오른쪽 끝에 제사지내는 방이 있다. 사랑채의 왼쪽에는 사랑마당에서 안마당으로 통하는 중문간이 있다.
 조선시대 후기의 집으로 현재 방앗간채는 없어졌으나 안채를 비롯한 사랑채, 새사랑채, 별묘재사에 이르기까지 사대부 주택의 구성요소를 골고루 갖추고 있어서 당시의 건축 양식과 주생활의 모습을 살펴볼 수 있는 좋은 자료이다.
<b>※ 위 국가유산은 일반적으로 관람이 가능하나, 소유주 등의 개인적 사정으로 관람이 제한될 수도 있습니다.</b>"
21,530000000,37,2113700530000,129.0352693,36.08976278,시도유형문화유산,유적건조물,주거생활,주거건축,가옥,생육신이경은선생부조묘,生六臣李耕隱先生不조廟,1동,19741210,경상북도,영천시,"
			
	             
	                 
	                 
	                     경북 영천시 자양면 용산리 303번지
	                 
	             
	         
	         
		",,"
                벽진이씨경은파종중
        ","
               벽진이씨경은파종중
		",N,http://www.khs.go.kr/unisearch/images/tangible_cult_prop/1640337.jpg,"생육신의 한분인 경은 이맹전(1392∼1480)을 추모하여 세운 건물로, 조선 정조 10년(1786)에 임금의 명으로 지어졌다.
 청렴결백하다는 평판을 받았던 이맹전은 단종 1년(1453) 수양대군이 단종을 보좌하는 황보 인·김종서 등을 몰아내고 정권을 빼앗아 나라가 소란해지자, 다음 해에 벼슬을 버리고 고향으로 돌아갔다. 귀머거리·장님이라 핑계하며 친한 친구마저도 만나지 않던 이맹전은 30여 년을 문밖에 나가지 않고 지내다가 나이 90여 세에 세상을 떠났다.
 앞면 3칸·옆면 2칸 규모이며, 지붕 옆면이 사람 인(人)자 모양인 맞배지붕집이다."
21,540000000,37,2113700540000,129.0352693,36.08976278,시도유형문화유산,유적건조물,주거생활,주거건축,가옥,생육신이경은선생제단,生六臣李耕隱先生祭壇,1동,19741210,경상북도,영천시,"
			
	             
	                 
	                 
	                     경북 영천시 자양면 용산리 303번지
	                 
	             
	         
	         
		",,"
                벽진이씨경은파종중
        ","
               벽진이씨경은파종중
		",N,http://www.khs.go.kr/unisearch/images/tangible_cult_prop/1640339.jpg,"생육신의 한분인 경은 이맹전(1392∼1480)을 제사지내기 위하여 지은 집으로 조선 숙종 39년(1713)에 왕의 명에 따라 후손 이유용·이십용 등이 지었다.
 청렴결백하다는 평판을 받았던 이맹전은 단종 1년(1453) 수양대군이 단종을 보좌하는 황보 인·김종서 등을 몰아내고 정권을 빼앗아 나라가 소란해지자, 다음해에 벼슬을 버리고 고향으로 돌아갔다. 귀머거리·장님이라 핑계하며 친한 친구마저도 만나지 않던 이맹전은 30여 년을 문밖에 나가지 않고 지내다가 나이 90여 세에 세상을 떠났다.
 앞면 5칸·옆면 1칸 규모이며, 지붕 옆면이 사람 인(人)자 모양인 맞배지붕집이다."
21,550000000,37,2113700550000,129.0352693,36.08976278,시도유형문화유산,유적건조물,교육문화,교육기관,서원,용계서원,龍溪書院,1동,19741210,경상북도,영천시,"
			
	             
	                 
	                 
	                     경북 영천시 자양면 용산리 303번지
	                 
	             
	         
	         
		",,"
                벽진이씨경은파종중
        ","
               벽진이씨경은파종중
		",N,http://www.khs.go.kr/unisearch/images/tangible_cult_prop/1640342.jpg,"경은 이맹전(1392∼1480)의 학덕과 충절을 추모하기 위하여 지은 서원이다. 
 이맹전은 조선 단종(재위 1452∼1455)을 위하여 수절한 생육신의 한분으로, 수양대군이 어린 단종의 왕위를 탐내자 벼슬을 버리고 고향으로 돌아가 학문을 닦으며 일생을 보냈다. 
 정조 6년(1782)에 왕명으로 토곡동에 건립된 용계서원은 고종 5년(1868) 흥선대원군의 서원철폐령으로 인해 노항동으로 옮겨 서당으로 사용되다가, 1976년 영천댐 건설로 인하여 지금의 위치로 옮겨졌다. 
 지붕 옆면이 여덟 팔(八)자 모양인 팔작지붕을 올린 누각건물이다."
21,680000000,37,2113700680000,128.9385509,35.9732205,시도유형문화유산,기록유산,서각류,목판각류,판목류,박노계집판목,朴蘆溪集板木,99매,19741210,경상북도,영천시,"
			
	         
	             경상북도  영천시
	         
		",,"
                박＊＊＊
        ","
               박＊＊＊
		",N,http://www.khs.go.kr/unisearch/images/tangible_cult_prop/1640363.jpg,"인조 때의 시인 노계 박인로(1561∼1642)의 문집인『노계집』을 간행하기 위하여 만든 목판이다.
 박인로는 어려서부터 시문에 뛰어났으며 임진왜란이 일어나자 수군으로 활동하였으며, 선전관을 거쳐 만호(萬戶)를 지냈고, 가사문학을 발전시키는데 크게 공헌하였다.『노계집』은 한시문과 가사, 시조 등을 수록한 3권 2책으로 목판 수량은 99매이다. 특히 그의 작품 가운데 「태평사」, 「사제곡」, 「누항사」, 「선상탄」, 「독락당」, 「영남가」, 「노계가」 등 7편의 가사와 「오륜가」, 「조홍가」 등 68수의  시조는 지금까지 전해져 국문학에서 중요한 위치를 차지하고 있다.
 이 목판은 당시의 인쇄문화사 연구 뿐만 아니라 국문학사의 중요한 사료로 평가된다."
21,710000000,37,2113700710000,129.0144731,36.0828333,시도유형문화유산,유적건조물,주거생활,조경건축,누정,강호정,江湖亭,1동,19750818,경상북도,영천시,"
			
	             
	                 
	                 
	                     경북 영천시 자양면 성곡리 660-4번지
	                 
	             
	         
	         
		",,"
                정＊＊＊
        ","
               정＊＊＊
		",N,http://www.khs.go.kr/unisearch/images/tangible_cult_prop/1640365.jpg,"임진왜란 때의 의병대장 정세아가 학문을 연구하고 제자를 양성하기 위해 세운 누각이다. 선조 32년(1599)에 지은 후 여러 차례의 보수공사가 있었는데, 지금의 건물은 영천댐 건설공사로 인해 1977년에 현 위치로 옮겨 다시 지은 것이다. 
 정세아는 임진왜란 당시 영천·경주지방을 되찾는데 큰 공을 세웠으며, 전쟁이 끝난 뒤 국가에서 수여하는 모든 영예를 사양하고, 고향인 용산동에 이 정자를 지어 학문을 연구하고, 제자를 가르치는 일에 힘을 기울였다고 한다. 
 앞면 3칸·옆면 2칸 규모이며, 지붕 옆면이 사람 인(人)자 모양인 맞배지붕집이다. 양쪽에는 각 2칸의 방이 있고, 가운데 1칸이 마루로 꾸며져 있으며 화려한 난간을 설치하였다. 뒤에는 2채의 작은 부속건물이 있는데, 그 마당을 통해 정자로 오르게 되어있다."
21,720000000,37,2113700720000,129.0150003,36.0792346,시도유형문화유산,유적건조물,주거생활,주거건축,가옥,오회공종택,五懷公宗宅,2동,19750818,경상북도,영천시,"
			
	             
	                 
	                 
	                     경북 영천시 자양면 성곡리 산78-4번지
	                 
	             
	         
	         
		",,"
                정＊＊＊
        ","
               정＊＊＊
		",N,http://www.khs.go.kr/unisearch/images/tangible_cult_prop/1640367.jpg,"임진왜란 때 의병으로 활약하여 영천·경주 전투에서 큰 공을 세운 정수번의 셋째아들인 호신이 결혼하여 살던 집이다. 
 조선 광해군 12년(1620)경에 지었으며, 효종 6년(1655)에는 사당을 세웠다. 1977년 영천댐 건설공사로 인해 지금의 위치로 옮겨졌다. 
 앞면 5칸·옆면 1칸 규모로, 지붕 옆면이 여덟 팔(八)자 모양인 팔작지붕집이다. 사당은 앞면 3칸·옆면 1칸 규모이며，지붕 옆면이 사람 인(人)자 모양인 맞배지붕집이다."
21,730000000,37,2113700730000,129.0146768,36.08374223,시도유형문화유산,유적건조물,인물사건,인물기념,생활유적,하천재<부비각>,夏泉齋<附碑閣>,2동,19750818,경상북도,영천시,"
			
	             
	                 
	                 
	                     경북 영천시 자양면 성곡리 산660-2번지
	                 
	             
	         
	         
		",,"
                정＊＊＊
        ","
               정＊＊＊
		",N,http://www.khs.go.kr/unisearch/images/tangible_cult_prop/1640368.jpg,"오천 정씨 집안의 묘와 강의공 정세아의 무덤가에 세운 비를 보호하기 위하여 지은 집과 비각이다. 
 조선 인조 15년(1637)에 진주목사 정호인이 처음 지었다고 한다. 지금의 건물은 후에 다시 지은 것으로 보이며, 영천댐 건설로 인하여 1976년 지금의 위치로 옮겨 지어졌다.
 강의공 정세아는 임진왜란(1592) 때 의병대장에 추천되어 많은 공을 세웠다. 그러나 그 공으로서 상을 바라지 않고 관직을 떠나 시골에서 제자를 기르며 학문을 닦은 덕망이 높은 선비였다. 
 경내에는 하천재, 신도비각 등이 있는데 모두 단순하고 소박하게 지은 건물이다."
21,740000000,37,2113700740000,129.0149118,36.0852399,시도유형문화유산,유적건조물,교육문화,교육기관,서당,사의당,四宜堂,1동,19750818,경상북도,영천시,"
			
	             
	                 
	                 
	                     경북 영천시 자양면 성곡리 660-1번지
	                 
	             
	         
	         
		",,"
                정＊＊＊
        ","
               정＊＊＊
		",N,http://www.khs.go.kr/unisearch/images/tangible_cult_prop/1640370.jpg,"사의당은 조선 후기에 지어진 강학당으로, 조선 영조 8년(1732)에 정중호의 형제인 중기·중범·중락 등이 우의를 더욱 돈독히 하고 학문연구와 제자교육을 위해 지은 것이다. 원래는 자양면 용산동에 지은 것을 영천댐 건설로 인하여 1977년 지금의 위치로 옮겨 지었다.  
　앞면 5칸·옆면 1칸의 규모이며, 지붕 옆면이 사람 인(人)자 모양인 맞배지붕 건물이다. 왼쪽 2칸은 마루이고 오른쪽 3칸은 방으로 구성되어 있다. 마루에는 둥근 기둥, 방에는 네모 기둥을 사용하였다. 사의당 이외에 앞면 6칸·옆면 1칸의 규모로 행랑채인 수의당이 있다."
21,750000000,37,2113700750000,129.0146217,36.08019069,시도유형문화유산,유적건조물,주거생활,조경건축,누정,삼휴정,三休亭,1동,19750818,경상북도,영천시,"
			
	             
	                 
	                 
	                     경북 영천시 자양면 성곡리 산78-3번지
	                 
	             
	         
	         
		",,"
                정＊＊＊
        ","
               정＊＊＊
		",N,http://www.khs.go.kr/unisearch/images/tangible_cult_prop/1640371.jpg,"삼휴 정호신(1605∼1649)이 자연을 벗삼아 학문을 연구하기 위해 지은 조선시대의 정자이다. 인조 13년(1635)에 지었다고 전하며, 지금은 영천댐 건설로 인하여 옛 자리를 굽어보는 산비탈에 옮겨지었다. 
 할아버지인 의병장 정세아가 살았던 곳에 지었는데, 그 풍경을 바라보면서 ‘삼휴’란 시를 지어 삼휴당이라는 정자 이름이 생기게 되었다.
 앞면 4칸·옆면 1칸 반의 규모이며, 지붕 옆면이 여덟 팔（八）자 모양인 화려한 팔작지붕집이다. 가운데 2칸은 대청마루이고 양쪽에는 각 1칸짜리 방을 들였다."
21,760000000,37,2113700760000,129.0150003,36.0792346,시도유형문화유산,유적건조물,주거생활,주거건축,가옥,오회당,五懷堂,1동,19750818,경상북도,영천시,"
			
	             
	                 
	                 
	                     경북 영천시 자양면 성곡리 산78-4번지
	                 
	             
	         
	         
		",,"
                정＊＊＊
        ","
               정＊＊＊
		",N,http://www.khs.go.kr/unisearch/images/tangible_cult_prop/1640373.jpg,"오회당 정석현을 추모하기 위하여 조선 영조 3년(1727)에 관찰사 권대규가 지었다. 1977년 영천댐 건설로 인하여 지금의 위치로 옮겨 지었다. 
　소박하게 지어진 건물로, 앞면 4칸·옆면 1칸 규모이다. 지붕 옆면이 사람 인(人)자 모양인 단순한 맞배지붕인데, 양쪽 옆면에 눈썹지붕을 이어 달아서 마치 팔작지붕처럼 보이게 하였다. 이런 예는 영천지역에서 흔히 볼 수 있는 일반적인 것이다. 한쪽에 마루 2칸, 다른 한쪽에는 방 2칸을 나란히 들였다."
21,770000000,37,2113700770000,129.0028033,36.0474337,시도유형문화유산,유적건조물,주거생활,주거건축,가옥,동린각,東麟閣,1동,19750818,경상북도,영천시,"
			
	             
	                 
	                 
	                     경북 영천시 임고면 포은로 964-86 (삼매리)
	                 
	             
	         
	         
		",,"
                김＊＊＊
        ","
               김＊＊＊
		",N,http://www.khs.go.kr/unisearch/images/tangible_cult_prop/1640374.jpg,"임진왜란 때 큰 공을 세운 충무공 이순신과 김완을 기리기 위하여 세운 건물로 원래는 자양면 노항동에 세웠으나, 정조 9년(1785)에 불타서 정조 11년(1787)에 다시 지었다. 그 후 세월이 흐르면서 퇴락한 것을 1960년 성곡동으로 옮겨 지으면서 수리하였다. 1976년 영천댐 건설로 인해 지금의 위치로 옮겨지었다. 
 가운데 2칸을 대청으로 꾸미고, 뒤쪽 1칸에 신주를 두어 위패를 모시도록 하였다. 기둥은 네모·여덟모·원형 등 세 종류를 사용하여 격조있게 하였다. 지붕을 받치면서 장식을 겸하는 공포는 기둥 위에만 배치하는 주심포양식으로 안동과 영천지방에서는 흔히 볼수 있다."
21,780000000,37,2113700780000,129.0028033,36.0474337,시도유형문화유산,유적건조물,교육문화,교육기관,서당,자양서당,紫陽書堂,1동,19750818,경상북도,영천시,"
			
	             
	                 
	                 
	                     경북 영천시 임고면 포은로 964-86 (삼매리)
	                 
	             
	         
	         
		",,"
                김＊＊＊
        ","
               김＊＊＊
		",N,http://www.khs.go.kr/unisearch/images/tangible_cult_prop/1640376.jpg,"조선 명종 1년(1546)에 김응생이 고향의 후진교육을 위해 자양면 노항동에 지은 서당이다. 지금의 건물은 후대에 다시 지은 것으로 보인다. 1976년 영천댐 건설로 인하여 지금의 위치로 옮겨지었는데, 이때 건물 주위에 담장을 두르고 문을 세웠다. 
 학생들이 모여 글을 읽는 대청마루와 생활을 위한 방 만으로 평범하고 소박하게 꾸며져 있다. 일반적인 서당건물에는 앞쪽에 따로 내어 단 툇간이 있으나, 자양서당에는 없다. 서당 안에는 퇴계 이황이 직접 쓴 현판이 걸려있다. 
 한편 동린각에 충무공 이순신과 함께 모셔져 있는 김완 장군은 김응생의 셋째 아들이다."
21,900000000,37,2113700900000,128.9156967,35.98908177,시도유형문화유산,유적건조물,주거생활,주거건축,가옥,호수종택,湖수宗宅,2동,19770715,경상북도,영천시,"
			
	             
	                 
	                 
	                     경북 영천시 대전길 137-35 (대전동)
	                 
	             
	         
	         
		",,"
                정＊＊＊
        ","
               정＊＊＊
		",N,http://www.khs.go.kr/unisearch/images/tangible_cult_prop/1640419.jpg,"조선 광해군 5년(1613)에 해남현감 정호례가 지은 주택이다. 
 정호례는 임진왜란(1592) 때 의병을 일으켜 영천에 침입한 왜병을 격퇴하는 등 많은 전공을 세운 의병장 정세아의 장손이다.
 工자 모양으로 지은 전통적인 양식의 건물이며, 이 건물 북쪽에 정세아의 위패를 모신 환고사가 있다."
21,1370000000,37,2113701370000,129.0265476,36.15029095,시도유형문화유산,유적건조물,종교신앙,불교,불전,거동사대웅전,巨洞寺大雄殿,1동,19791218,경상북도,영천시,"
			
	             
	                 
	                 
	                     경북 영천시 자양면 사곡길 77-81 (보현리)
	                 
	             
	         
	         
		",,"
                거동사
        ","
               거동사
		",N,http://www.khs.go.kr/unisearch/images/tangible_cult_prop/1640536.jpg,"거동사는 신라시대에 의상대사(625∼702)가 처음 세웠다고 전하며 조선시대까지도 큰 사찰이었다고 한다. 조선 후기까지 여러 차례 수리가 있었던 것으로 보인다. 
 거동사 대웅전은 석가모니를 모시는 건물로 옛 건축양식을 지니고 있다. 그러나 기단부의 뚜껑돌이 모두 없어졌고, 다만 소맷돌이 있는 돌층계가 남아 있다. 지붕 옆모습이 사람 인(人)자 모양인 맞배지붕으로 되어있고 지붕의 무게를 받치기 위해 장식하여 만든 공포는 기둥 위와 기둥 사이에도 있는 다포계 양식이다. 앞면 공포에 전체적으로 꽃 무늬를 새겨 매우 화려하게 장식하였으나 뒷면 공포는 장식적인 요소가 없이 간결하게 되어 있다. 앞면의 문도 문살을 꽃무늬로 장식했으며, 전체의 색조는 기품이 있다."
21,1440000000,37,2113701440000,128.9329587,35.9670811,시도유형문화유산,유적건조물,주거생활,조경건축,누정,영천조양각,永川朝陽閣,1동,19810425,경상북도,영천시,"
			
	             
	                 
	                 
	                     경북 영천시 문화원길 6 (창구동)
	                 
	             
	         
	         
		",,"
                영천시
        ","
               영천시
		",N,http://www.khs.go.kr/unisearch/images/tangible_cult_prop/1640556.jpg,"금호강 벼랑 위에 자리잡은 조양각은 일명 명원루 또는 서세루라고 불린다. 고려 공민왕 12년(1363)에 당시 부사였던 이용이 세운 것이다. 그 뒤 임진왜란(1592) 때 불에 타 버리고, 지금의 건물은 인조 16년(1638)에 다시 세운 것이다. 
 앞면 5칸·옆면 3칸의 규모이며 지붕은 옆모습이 여덟 팔(八)자 모양인 팔작지붕이다. 누각 안에는 포은 정몽주의 「청계석벽」 등 시 70여 점이 걸려있다.
 조양각은 영천지방 문화의 상징으로 영남 7대 누각 중 하나로 손꼽힌다."
21,1680000000,37,2113701680000,128.7912872,36.04860062,시도유형문화유산,유적건조물,교육문화,교육기관,향교,신녕향교명륜당,新寧鄕校明倫堂,1동,19830620,경상북도,영천시,"
			
	             
	                 
	                 
	                     경북 영천시 신녕면 큰골길 30-7 (화성리)
	                 
	             
	         
	         
		",조선시대,"
                경북향교재단
        ","
               경북향교재단
		",N,http://www.khs.go.kr/unisearch/images/tangible_cult_prop/1640612.jpg,"향교는 훌륭한 유학자를 제사하고 지방민의 유학교육과 교화를 위하여 나라에서 지은 교육기관이다.
 이 향교를 처음 지은 시기는 알 수 없다. 조선 명종 6년(1515) 현감 황준량이 수리하였다고 하며 임진왜란 때 불에 타버린 것을 광해군 7년(1615) 다시 지어 숙종 12년(1686) 지금 있는 자리로 옮겼다.
 명륜당은 교육공간의 중심 건물로 강의를 하던 곳인데 철종 3년(1852) 5월에 다른 건물들을 수리하면서 고쳐지었다고 한다. 
 지붕은 단순한 맞배지붕의 양끝 칸쪽에 날개를 펼친 듯 지붕을 덧단 가적지붕이다. 따라서 전체로 보면 옆면 지붕선이 여덟 팔(八)자 모양과 비슷한 팔작지붕으로 볼 수 있다. 
 비교적 규모가 크고 건실한 구조를 이루고 있는 조선시대 건축 문화유산이다."
21,1790000000,37,2113701790000,128.9183874,36.0063853,시도유형문화유산,유물,일반회화,인물화,초상화,명고영정,鳴皐影幀,1폭,19841229,경상북도,영천시,"
			
	             
	                 
	                 
	                     경북 영천시 녹전안길 29-6 (녹전동)
	                 
	             
	         
	         
		",,"
                정＊＊＊
        ","
               정＊＊＊
		",N,http://www.khs.go.kr/unisearch/images/tangible_cult_prop/1640633.jpg,"조선 후기의 문신인 정간(1692∼1757) 선생의 초상화이다.
 정간은 영조 1년(1725) 문과에 급제하여 여러 벼슬을 거치는 동안 청백리로 선정되기도 한 인물로, 학문에 능했으며 국론을 바로잡기 위해 노력하였다. 일본인들까지 그를 칭송하는 송덕비를 세울 만큼 어진 다스림을 베풀었다고 한다. 
 초상화는 선생이 직무를 볼 때 입었던 관복을 단정하게 차려 입고 호랑이 가죽을 덮은 의자에 앉아있는 모습을 그린 전신상이다. 조선 후기의 일반적인 초상화 형식으로, 대부분의 초상화가 약간 오른쪽을 바라보고 있는데 비해 이 그림은 정면을 향하고 있어 눈길을 끈다. 발 받침대에는 두 발 사이로 호랑이의 코모양이 드러나 있다. 
 정면을 향하고 있는 모습이나 높은 사모를 머리에 쓰고 있는 점, 모아 잡은 두 손 밑으로 불거져 나온 소매 끝이 좁고 긴 것 등으로 보아 18세기 초에 그린 것임을 짐작하게 하며, 전체적인 표현형식이 숙종 영조 대의 양식으로 보인다.
 선생이 선천부사로 있을 때 어진 다스림을 베풀어 그곳의 백성들이 그린 것이라는 얘기도 함께 전해온다."
21,2690000000,37,2113702690000,128.9923847,36.1514184,시도유형문화유산,유적건조물,종교신앙,불교,탑,영천정각리삼층석탑,永川正覺里三層石塔,1기,19920718,경상북도,영천시,"
			
	             
	                 
	                 
	                     경북 영천시 화북면 정각리 78-1번지
	                 
	             
	         
	         
		",고려시대,"
                국유
        ","
               영천시
		",N,http://www.khs.go.kr/unisearch/images/tangible_cult_prop/1640845.jpg,"현재는 밭으로 사용되는 자그마한 터에 서 있는 탑으로, 2층 기단(基壇) 위에 3층의 탑신(塔身)을 올린 모습이다.
 기단과 탑신부의 세 몸돌은 각 면마다 기둥모양을 가지런히 새겨 놓았다. 아래층 기단에는 독특하게도 연꽃무늬를 새겨 놓아 눈길을 끌고 있다. 각 몸돌을 덮고 있는 지붕돌은 밑면에 4단씩의 받침을 두었으며, 처마는 수평을 이루다가 양끝에서 아주 서서히 들려 있다. 꼭대기에는 머리장식을 받치던 네모난 받침만 남아있다.
 대체로 통일신라의 양식을 따르면서도 연꽃무늬, 지붕돌의 모습 등에서 그 전형을 벗어나고 있어 고려시대에 세운 것으로 보인다."
21,2700000000,37,2113702700000,128.9478745,36.1147345,시도유형문화유산,유적건조물,주거생활,조경건축,누정,옥간정,玉磵亭,1동,19920718,경상북도,영천시,"
			
	             
	                 
	                 
	                     경북 영천시 화북면 별빛로 122 (횡계리)
	                 
	             
	         
	         
		",,"
                정＊＊＊
        ","
               정＊＊＊
		",N,http://www.khs.go.kr/unisearch/images/tangible_cult_prop/1640847.jpg,"조선 숙종 때의 성리학자인 정만양·규양 형제가 제자를 육성하기 위하여 숙종 42년(1716)에 세운 정자이다.
 그들은 이곳에서 학문을 연구하고 영의정 조현명을 비롯하여 정중기·정간 등 많은 학자를 배출하였다. 그 후 나라에서 여러 차례 관직을 권했으나 거절하고 학문에만 열중하였다.
 앞면 3칸·옆면 4칸반 규모의 ㄱ자형 누각건물로 창호구성방법 등 특징을 잘 간직하고 있는 건물이다."
21,2710000000,37,2113702710000,128.9464461,36.1154799,시도유형문화유산,유적건조물,주거생활,주거건축,가옥,모고헌,慕古軒,1동,19920718,경상북도,영천시,"
			
	             
	                 
	                 
	                     경북 영천시 화북면 별빛로 106 (횡계리)
	                 
	             
	         
	         
		",,"
                정＊＊＊
        ","
               정＊＊＊
		",N,http://www.khs.go.kr/unisearch/images/tangible_cult_prop/1640850.jpg,"조선 숙종 때 성리학자인 정규양(1667∼1732) 선생이 숙종 27년(1701)에 지은 집으로 처음에는 태고와라 하였으나, 영조 6년(1730)에 문인들이 수리해서 모고헌이라 하였다.
 선생은 형인 정만양 선생과 이곳에서 제자를 양성하기 위해 세운 옥간정을 왕래하였으며, 형제간의 우애를 상징하는 뜻으로 훈과 지를 호로 삼았다.
 건물의 규모는 앞면 2칸·옆면 2칸으로 지붕은 옆면이 여덟 팔(八)자 모양인 팔작지붕이며, 4면에 툇간을 둔 독특한 건물이다."
21,2720000000,37,2113702720000,128.9855252,36.00623826,시도유형문화유산,기록유산,서각류,금석각류,비,포은정몽주유허비,圃隱鄭夢周遺墟碑,1기,19920718,경상북도,영천시,"
			
	             
	                 
	                 
	                     경북 영천시 임고면 우항리 1044-5번지
	                 
	             
	         
	         
		",,"
                임고서원
        ","
               임고서원
		",N,http://www.khs.go.kr/unisearch/images/tangible_cult_prop/1640853.jpg,"유허비란 한 인물의 옛 자취를 밝혀 후세에 알리고자 세우는 비로, 이 비는 포은 정몽주 선생의 효행을 기리고 있다.
 정몽주 선생은 고려 후기의 문신이자 학자이며 삼은(三隱)의 한사람이다. 공민왕 5년(1355) 부친상을 당하여 묘 곁에서 3년상을 치르고, 그후 공민왕 14년(1365) 모친상까지 당하여 역시 3년상을 지내였다. 이토록 지극하였던 그의 효성이 조정에 보고 되자, 출생지인 이곳 우항리 마을에 비를 세워두도록 하였다.
 비는 반듯하고 널찍한 사각받침돌 위에 비몸을 세운 모습이다. 앞면에는 효행을 행한 마을이라는 뜻의 ‘효자리(孝子里)’라는 글귀를 세로로 큼직하게 새겼다. 공양왕 원년(1389)에 세운 것으로, 그후 잃어버렸던 것을 조선 성종 18년(1487) 땅속에서 찾아내어 비각을 세워 모시고 있다."
21,2860000000,37,2113702860000,128.8409324,35.99401222,시도유형문화유산,유물,일반조각,암벽조각,암각화,영천보성리암각화,永川甫城里巖刻畵,1기,19940416,경상북도,영천시,"
			
	             
	                 
	                 
	                     경북 영천시 청통면 보성리 666-2번지
	                 
	             
	         
	         
		",청동기시대 후기로 추정,"
                국유
        ","
               영천시
		",N,http://www.khs.go.kr/unisearch/images/tangible_cult_prop/1640891.jpg,"암각화는 선사시대 사람들이 바위나 동굴벽에 기호나 물건, 동물 등의 그림을 새겨놓은 것을 말하는데, 주로 농사의 풍요와 생산을 기원하던 주술행위의 결과물로 보인다. 
 이 암각화는 거북이 모양으로 생긴 바위 한 쪽 옆면에 7개의 그림을 새겨 놓았다. 그림을 새긴 면의 넓이는 최대 길이 337㎝, 최대 폭 130㎝이다.
 포항 칠전리와 고령 양전동, 영주 가흥리에 있는 암각화와 비슷한 것으로 보아 같은 문화유형으로 추정되나, 각 그림의 세부형식이 조금씩 달라, 서로 시대가 달랐거나 혹은 지역이 다르기 때문인 것으로 보인다. 연대를 정확하게 규명하기는 어렵지만 청동기 후기나 철기시대 초기 단계의 것으로 보이며, 선사시대 경북지방에 살았던 사람들의 생활방식과 정신세계를 이해하는데 중요한 자료이다."
21,2990000000,37,2113702990000,129.0651361,36.1077859,시도유형문화유산,유물,불교회화,탱화,기타,사룡산금정암제석탱,四龍山金井庵帝釋幀,1정,19970929,경상북도,영천시,"
			
	             
	                 
	                 
	                     경북 영천시 자양면 별빛로 1538-17 (충효리)
	                 
	             
	         
	         
		",,"
                충효사
        ","
               충효사
		",N,http://www.khs.go.kr/unisearch/images/tangible_cult_prop/1640972.jpg,"탱화란 천이나 종이에 그림을 그려 족자나 액자 형태로 만들어서 거는 그림을 이른다.
 이 탱화는 조선 영조 40년(1764) 사룡산 금정암에 봉안되었던 것으로, 현재는 표충사에 보존되어 있다. 그림 전체의 크기가 가로 65㎝, 세로 70㎝이고, 화폭의 크기는 가로 54㎝, 세로 55㎝ 인 작은 규모의 특이한 탱화로, 석가가 아닌 제석이 그 중심에 자리하고 있다.
 제석은 의자에 앉아 있는 모습인데, 손으로는 이제 막 피어오르는 연꽃을 두 손으로 받쳐들고 있다. 앞쪽으로 일월관을 쓴 일궁천자와 월궁천자가 서 있고, 그 양옆으로는 높은 관을 쓴 천인이 시선을 바깥으로 둔 채 서 있다. 천인의 뒤에는 악기를 연주하는 동자, 동녀의 모습이 보이는데, 피리와 비파 등을 들고 있다.
 비단 바탕 위에 채색하여 그린 것으로, 위아래에 나무로 된 축을 두고 윗부분에 고리를 단 전통적 양식으로 되어 있다."
21,3190000000,37,2113703190000,128.7680167,35.9965597,시도유형문화유산,유물,불교회화,탱화,기타,은해사백흥암감로왕도,銀海寺百興庵甘露王圖,1정,20000904,경상북도,영천시,"
			
	             
	                 
	                 
	                     경북 영천시 청통면 청통로 951-792 (치일리)
	                 
	             
	         
	         
		",조선 정조(1792),"
                은해사
        ","
               은해사
		",N,http://www.khs.go.kr/unisearch/images/tangible_cult_prop/1641045.jpg,"은해사 백흥암에 보존되어 있는 그림으로, 불경 중 하나인 『우란분경』의 내용을 그림으로 설명한 것이다. 비단 바탕에 채색하여 그렸으며 가로 218.5㎝, 세로 225㎝의 크기이다. 
 화폭의 윗부분에는 극락의 아미타여래 일행이 지옥 중생을 맞이하러 오는 장면, 즉 아미타불·관세음보살·대세지보살 등 6여래와 지장보살이 지옥의 중생을 극락으로 인도하기 위해 온 모습과 이들을 정토로 인도하는 인도왕보살 및 수레를 그려 놓았다. 이들 주위로는 오색 구름이 둘러싸여 천상세계와 지옥세계를 구분하는 역할을 하고 있다.
 가운데부분에는 중앙부에는 2구의 아귀를 특히 강조하여 크게 그렸고, 그 주위에는 지옥의 고통스러운 장면과 현세의 여러 상을 실감나게 표현하였다. 각 장면의 사이에는 구름과 바위산을 그려 경계를 짓고 장면마다 붉은 종이에 묵서로 설명을 달아 놓았다. 화면 아래 나무 밑에는 호랑이 한마리를 그려 놓았는데, 화풍이 조선 후기 민화에 흔히 등장하는 모습이어서 흥미를 끈다.
 그림의 하단에 쓰인 기록을 통해 이 그림이 정조 16년(1792)에 제작되었음을 알 수 있다. 중앙의 아귀를 강조한 특이한 화면 구성과 탁한 색채와 일률적인 필선 등은 당시 불화의 양식을 잘 반영하고 있다. 특히 조선 후기에 이르러 불화에 풍속화적인 요소가 나타나기 시작하던 모습을 보여주고 있어 한국 회화사에서 중요한 사료가 되고 있다."
21,3320000000,37,2113703320000,128.7519661,35.99498321,시도유형문화유산,유적건조물,종교신앙,불교,탑,은해사중암암삼층석탑,銀海寺中巖庵三層石塔,1基,20011101,경상북도,영천시,"
			
	             
	                 
	                 
	                     경북 영천시 청통면 치일리 산25-1번지
	                 
	             
	         
	         
		",고려시대 초기,"
                은해사
        ","
               은해사
		",N,http://www.khs.go.kr/unisearch/images/tangible_cult_prop/1641069.jpg,"은해사 중암암 삼층석탑은 영천시 청통면 치일리에 있는 조계종 제10교구 본사 은해사 내 암자인 중암암에 위치하고 있다. 암벽 아래에 암석 틈에 붙어서 불당이 있어서 암자 이름이 중암암(돌구멍절)이라 부르게 된 것이라고 전한다. 불당지 한켠에는 불당 창건 때 것으로 추정되는 고려시대의 전형적인 어골문(魚骨文) 기와 조각이 쌓여 있다.
 이 석탑은 높이가 약 3m로, 석탑의 양식은 통일신라의 전형적인 삼층석탑으로 되어 있다. 잘 다듬은 장대석 4개를 결합하여 지대석으로 깔고, 그 위에 2층 기단과 3층의 탑신부를 올렸다.
 지대석은 규격을 달리하고 있으나 잘 다듬은 4개의 장대석을 정사각형으로 결합시켜 깔았다. 기단은 2층으로 상·하기단의 각 면석에는 각 면마다 기둥 모양을 새겨 놓았고 모서리마다 기둥 모양의 조각을 두었다. 탑신은 모두 정육면체로서 층위가 올라갈수록 높이가 낮아지는 것 외에는 동일한 양식이다. 옥개석은 모두 낙수면의 경사가 심하고 우동과 전각(轉角)의 반전이 심한 편인데, 옥개받침은 4단에서 3단으로 줄어들었다. 보륜석은 노반 위에 얹혀 있는데 반구 모양이며, 가운데에는 찰주공(擦柱孔)이 노반에 이어서 관통하고 있다.
 탑의 양식은 통일신라의 전형양식을 따르고 있으나 기단부가 약화되었고, 옥개석 낙수면의 경사가 심해지고 전각의 반전도 많아진 편이다. 또한 전체 규모가 작아져 장식성을 느끼게 한다. 이러한 점에서 이 석탑의 조성시기는 이곳 암자의 창건시기와 같이 고려초기로 추정된다. 손상을 입지 않았고 보존이 깨끗하여 가치있는 자료로 평가된다."
21,3330000000,37,2113703330000,128.8904564,35.90660031,시도유형문화유산,유적건조물,주거생활,주거건축,가옥,금산당,琴山堂,2동,20011101,경상북도,영천시,"
			
	             
	                 
	                 
	                     경북 영천시 금호읍 종동길 23 (오계리)
	                 
	             
	         
	         
		",조선 고종(1900),"
                조＊＊＊
        ","
               조＊＊＊
		",N,http://www.khs.go.kr/unisearch/images/tangible_cult_prop/1641075.jpg,"금산당은 영천만취당(국가민속문화유산)의 좌측에 자리하고 있는데, 능참봉 조병문이 둘째아들의 살림집으로 건립하였다고 한다.
 현재 건물의 배치는 ＇ㄱ＇자형 평면의 사랑채가 전면에 남향으로 자리하고 뒤쪽에 ‘一’자형 안채가 위치하고 있다. 그러나 초건 당시에는 안채 전면 좌측에 3칸집이 자리하여 전체적으로 트인 ‘口’자형 배치를 이루고 있었으며, 안채 우측 쪽으로 협문을 두어 만취당으로 직접 연결되었으나 만취당 보수시 협문을 없앴다. 그리고 현재 출입부에 대문채가 있었고 사랑 좌측편에 고방 및 방앗간채가 자리하였다 한다. 그리고 고방채 앞쪽으로 마구 및 초당방이 있어 반가의 격식을 갖추었으나 현재는 안채와 사랑채 2동만 자리하고 있다.
 사랑채의 평면은 ‘ㄱ’자형으로 모서리부분에 자리하고 있는 2칸 사랑대청을 중심으로 좌측과 안채쪽으로 2칸 온돌방을 두었으며 좌측 온돌방 좌측에 중문간을 두어 안채로 출입할 수 있도록 하였다.
 안채는 6칸 ‘一’자 평면으로 좌측으로부터 부엌, 2칸 안방, 2칸 마루, 1칸 온돌방으로 배열되어 있다. 온돌방 앞쪽과 마루 뒤쪽에는 퇴를 두었다.
 금산당은 대량 장혀에 적혀있는 상량문에 의하면 대한 4년, 즉 1900년에 조성되었음을 알 수 있다. 
 현재 건립 당시의 모습을 그대로 간직하고 있지는 못하지만 남아있는 사랑채와 안채는 당시의 목조기법들을 잘 간직하고 있으며 재목이나 기법들 또한 격식을 갖추고 있다. 그리고 우측에 자리하고 만취당과의 관계에 의해 동선과 평면구성에 영향을 받고 있음을 보여주고 있어 자료로서 가치가 있다."
21,3420000000,37,2113703420000,128.7896748,35.9918398,시도유형문화유산,유물,불교회화,탱화,보살도,은해사극락보전후불탱화및삼장탱화,銀海寺大雄殿後佛幀畵및三藏幀畵,2탱(幀),20021014,경상북도,영천시,"
			
	             
	                 
	                 
	                     경북 영천시 청통면 청통로 951 (치일리)
	                 
	             
	         
	         
		","후불탱화(1750),삼장탱화(1755)","
                은해사
        ","
               은해사
		",N,http://www.khs.go.kr/unisearch/images/tangible_cult_prop/1641090.jpg,"은해사 대웅전에 보관되어 있는 후불탱화 및 삼장탱화인데, 탱화란 천이나 종이에 그림을 그려 액자나 족자 형태로 만들어지는 불화를 말한다.
 후불탱화는 세마포(細麻布)에 종이를 여러 겹으로 배접한 바탕 위에 중앙의 아미타불을 중심으로 좌우협시보살만을 배치한 아미타삼존도이다. 남색 하늘 바탕에 갈색과 녹색 구름을 그렸고, 부처와 보살상을 홍색과 녹색 위주로 그려 다소 무거운 느낌을 주지만 세련된 필치를 보이고 있다.
 그림의 아랫부분에 적힌 화기(畵記)에 따르면 이 후불탱화는 조선 영조 26년(1750)에 화원(畵員) 보총(普摠)·처일(處一) 등에 의해 조성되었다고 한다. 이는 같은 장소에 보관되어 있는 은해사괘불탱(보물 제1270호)과 같은 시기, 같은 화원에 의해 만들어진 것으로 불화연구에 중요한 자료로 평가된다.
 삼장탱화는 세마포 다섯 쪽을 연결하여 종이를 여러 겹으로 배접한 바탕 위에 가운데에 천장보살, 왼쪽에 지장보살, 오른쪽에 지지보살의 3대 보살을 배치하고, 그 주위에 각 보살의 협시 및 권속들을 그린 것이다. 작품의 제작시기 및 예술성에 있어 후불탱화와 유사하다.
 화기에 의하면 이 삼장탱화는 조선 영조 31년(1755)에 화원 상오(常悟)·관령(貫伶)·성청(性淸)·성징(性澄) 등 12명에 의해 조성된 것임을 알 수 있다. 우리나라의 삼장탱화가 주로 16세기 후반부터 건륭연간(1736∼1795)까지의 시기에 만들어졌는데, 이 작품도 그러한 예의 대표적인 하나가 될 수 있다."
21,4200000000,37,2113704200000,128.9515975,35.84446326,시도유형문화유산,유적건조물,종교신앙,불교,불전,영천 영지사 대웅전,永川 靈芝寺 大雄殿,1동,20100311,경상북도,영천시,"
			
	             
	                 
	                 
	                     경상북도 영천시 영지길 471 (대창면)
	                 
	             
	         
	         
		",,"
                영지사
        ","
               영지사
		",N,http://www.khs.go.kr/unisearch/images/tangible_cult_prop/2021101917415200.jpg,"이 건물은 신라 무열왕때 의상조사가 창건하여
웅정암이라 하였으나 임란때 병화로 소실되고
영지대사가 중창하여 영지사라 함. 그 후 조선
영조 50년(1774) 중수하여 오늘에 이름."
21,4250000000,37,2113704250000,128.9385509,35.9732205,시도유형문화유산,유물,불교조각,금속조,불상,영천 죽림사 철조여래좌상,永川 竹林寺 鐵造如來坐像,1기,20101111,경상북도,영천시,"
			
	         
	             경상북도  영천시
	         
		",,"
                죽＊＊＊
        ","
               죽＊＊＊
		",N,http://www.khs.go.kr/unisearch/images/tangible_cult_prop/2019083011141200.jpg,"이 불상은 높이 133㎝의 등신대보다 약간 큰 불상으로 당당하면서도 안정감있는
자세나 풍만하면서도 탄력있는 가슴, 좌우 발목으로 비스듬히 감기는 옷주름 표현 등에서
고려 전기로 추정되는 불상들과 친연성을 보여줌. 방사선 투사 조사 결과 철조불상임이 판명되었고
얼굴의 앞면과 목을 크게 수리하고 두 손을 새로 만들었으며 하반신도 보수시 두껍게 모습을 남기
고 있으며 천을 씌운 하반신의 경우에도 남아있는 본체의 옷주름과 유기적으로 연결되는 부분이 있어
보수도 비교적 원형에 가깝게 이루어 진 것으로 판단됨. 고려전기에 조성된 것으로 추정되는 불상
이라는 점에서 유형문화유산으로 지정"
21,4840000000,37,2113704840000,128.9509242,35.84446886,시도유형문화유산,유물,불교회화,탱화,불도,영천 영지사 대웅전 후불탱화,,1탱,20141020,경상북도,영천시,"
			
	             
	                 
	                 
	                     경상북도 영천시 영지길 471 (대창면)
	                 
	             
	         
	         
		",,"
                영지사
        ","
               영지사
		",N,http://www.khs.go.kr/unisearch/images/tangible_cult_prop/2019051420320900.jpg,"이 불화는 세로 209.1㎝, 가로 207.7㎝ 크기의 방형(方形)에 가까운 비단 바탕에 채색을 한 작품이다. 중앙에 본존인 석가좌상을 크게 그리고, 양측에 문수보살과 보현보살을 배치하였으며, 그 뒤쪽에는 가섭과 아난, 제자상 2위 등을 배치한 간략한 구성이다. 천공과 배경에는 채운을 장식하고 있고, 화면 하단에는 장문의 화기가 기술되어 있다. 화기를 통해 건륭(乾隆) 41(1776)년에 양공(良工) 취징(取澄)을 비롯하여 화사(畵師) 정총(定聰), 도한(道閑) 등이 참여하여 제작한 불화임을 알 수 있다.
이 불화는 부분적으로 안료의 변색으로 훼손이 심한 편이나, 18세기 후반에 제작된 영산회 도상으로 간결한 도상구성과 화려한 광배 표현, 선명한 색감 등이 돋보이는 수작이다. 본존 법의의 장식 문양이나, 나한상의 환상 점묘식 문양 등은 18세기 전반기 양식을 이어받은 특징을 지니고 있다. 특히 화려한 광배표현 등은 취징 등 화사집단을 연구하는데 학술적으로 가치가 크다."
21,4850000000,37,2113704850000,128.9385509,35.9732205,시도유형문화유산,유물,불교조각,석조,불상,영천 영지사 명부전 석조지장시왕상 일괄,,31구,20141020,경상북도,영천시,"
			
	         
	             경상북도  영천시
	         
		",,"
                영＊＊＊
        ","
               영＊＊＊
		",N,http://www.khs.go.kr/unisearch/images/tangible_cult_prop/2019051420354100.jpg,"영지사 명부전에 모셔진 석조지장시왕상은 모두 31구의 존상으로 구성되어 있다. 지장보살좌상을 중심으로 왼쪽에 도명존자와 오른쪽에 무독귀왕이 시립한 지장삼존상이 3단으로 구성된 불단 위에 봉안되어 있으며, 불단 좌우측으로는 단을 낮춰서 10구의 시왕상과 동자상 10구가 배치되어 있다. 이어서 시왕상이 위치한 끝단 좌우에는 다시 단을 낮춰서 판관상 2구와 귀왕상 2구, 명부사자상 2구를 배치하였다. 그리고 2구의 금강역사상은 바닥에 놓여 있다.
재질은 모두 불석으로 시왕상의 수염이나 지물 등에 일부 보수된 흔적이 있으나, 보존 상태는 대체로 양호한 편이다. 조상기가 발견되지 않아 정확한 제작연대를 알 수 없지만 양식적으로 볼 때 17세기 말∼18세기 초반에 조성된 작품으로 추정된다."
21,4900000000,37,2113704900000,128.907515,35.87829826,시도유형문화유산,유물,기타종교조각,유교조각,유교조각,영천 조치우 옥비,,1기,20151228,경상북도,영천시,"
			
	         
	             경상북도  영천시
	         
		",,"
                창＊＊＊
        ","
               창＊＊＊
		",N,http://www.khs.go.kr/unisearch/images/tangible_cult_prop/2019051420561900.jpg,"이 비는 조선 전기의 청백리로서 깨끗한 관리의 표상이 된 인물인 조치우(1459∼1527)의 死後 국왕으로부터 특별히 하사받은 玉으로 만든 비석이다. 현재 유후재와 함께 경상북도 문화유산자료로 지정되어 있다. 비신의 높이는 94㎝, 폭 34.5㎝, 두께 14.2㎝이고, 좌대는 거북모양이며, 비면에는‘어사청백리조치우옥비(御賜淸白吏曺致虞玉碑)’라고 음각되어 있다. 원래 묘소 앞에 위치하여 있었으나 1851년에 재사인 유후재로 옮겼다. 이 비는 조선 전기에 玉으로 만든 비석이라는 점에서 희소성이 있을 뿐만 아니라 맑고 깨끗한 덕을 높이 평가받아 국왕으로부터 하사받은 점도 돋보인다."
21,5210000000,37,2113705210000,128.9385509,35.9732205,시도유형문화유산,기록유산,전적류,전적류,전적류,민간조보,,"9장(목활자본, 금속활자 혼입)",20181220,경상북도,영천시,"
			
	         
	             경상북도  영천시
	         
		",조선시대,"
                영＊＊＊
        ","
               영＊＊＊
		",N,http://www.khs.go.kr/unisearch/images/tangible_cult_prop/2019052717474000.jpg,"1577년 11월 조정에서 논의된 주요 사안을 목활자로 사용하여 인출 및 발행한 것으로 세계 최초로 민간에서
상업 목적으로 발행한 일간 신문

보조로서의 완전한 문서 형식을 갖추지 못한 잔편의 자료이지만, 희귀성과 민간에서 상업 목적으로 활자를 사용하여 인출한 최초의 자료인 점에 의해 유형문화유산으로 지정"
21,5360000000,37,2113705360000,128.9385509,35.9732205,시도유형문화유산,기록유산,전적류,목판본,,영천 묘봉암 목우자수심결,,1책,20190826,경상북도,영천시,"
			
	         
	             경상북도  영천시
	         
		",,"
                묘＊＊＊
        ","
               묘＊＊＊
		",N,http://www.khs.go.kr/unisearch/images/tangible_cult_prop/2019100417554000.JPG,"고려시대 보조국사 지눌의 수심결을 세조의 명으로 구결하고 신미가 국역한 간경도감본을 저본으로 하여 1500년(연산군6)에 합천 봉서사에서 복각하여 간행한 책이다. 목판으로 간행된 선장본 형태이며, 표지는 개장하였다. 저본인 간경도감본은 국가 보물로 지정된 사례가 있으며, 따로이 문화유산로 지정된 봉서사본은 보존상태가 양호할 뿐만 아니라 조선전기 불교학, 불교사상사를 비롯한 사찰 목판 인쇄문화를 살펴볼 수 있는 중요한 자료로 판단되므로 유형문화유산으로 지정되었다."
21,5370000000,37,2113705370000,128.9385509,35.9732205,시도유형문화유산,유물,일반회화,인물화,초상화,영천 임고서원 영조을묘모본 정몽주 초상 및 함,,1점,20190826,경상북도,영천시,"
			
	         
	             경상북도  영천시
	         
		",,"
                임＊＊＊
        ","
               임＊＊＊
		",N,http://www.khs.go.kr/unisearch/images/tangible_cult_prop/2019100418020000.jpg,"이 초상화는 고려시대 충신 정몽주의 초상화로 관리들이 쓰는 모자와 엷은 청색의 관복을 입고 오른쪽을 바라보며 의자에 앉아 있는 전신상이다. 임고서원 소장 3점의 정몽주 영정 가운데 1점으로, 크기는  세로 224.8cm 가로 106cm이다. 오른쪽 하단에 영조을묘모본이라 쓰여 있어 1735년(영조 11)에 이모된 본임을 알 수 있는데 화사 한두공으로 하여금 비단위에 새로 옮겨 그리게 한 것이다.
  현존 정몽주 초상화 가운데 세 번째로 오래되었으며 옛 그림의 화풍이 잘 나타나 있고 조선시대 사대부 초상화 연구에 학술적 가치가 크다고 판단되므로 보관상자인 나무함과 함께 유형문화유산으로 지정되었다."
21,5380000000,37,2113705380000,128.9385509,35.9732205,시도유형문화유산,유물,불교회화,,,영천 은해사 기기암 신중도,,1폭,20190826,경상북도,영천시,"
			
	         
	             경상북도  영천시
	         
		",,"
                은＊＊＊
        ","
               은＊＊＊
		",N,http://www.khs.go.kr/unisearch/images/tangible_cult_prop/2019100418063500.jpg,"이 불화는 18세기 후반 경상도 일대에서 활동한 유성이 수화승으로 조성한 신중도이다. 화면의 등장인물로 대자대천(大自在天)이 나온는 사례는 매우 드문데, 그 중 제작시기가 가장 올라가는 작품이다. 
 섬세한 세필의 필선이 돋보이는 작품으로서 화기를 통해 1777년이라는 명확한 제작시기를 알 수 있을 뿐만 아니라, 신중도 가운데 대자재천황의 존명을 보여주는 방제를 통해 도상을 이해하는데 판단 근거가 된다는 점에서 학술적으로 중요한 작품이라 판단되어 유형문화유산으로 지정되었다."
21,5790000000,37,2113705790000,128.9385509,35.9732205,시도유형문화유산,기록유산,전적류,전적류,전적류,아비달마대비바사론 권제20,阿毘達磨大毘婆沙論 卷第二十,1첩,20220905,경상북도,영천시,"
			
	         
	             경상북도  영천시
	         
		",조선시대,"
                영＊＊＊
        ","
               영＊＊＊
		",N,http://www.khs.go.kr/unisearch/images/tangible_cult_prop/2022091317002200.jpg,"『아비달마대비바사론 권제20(阿毗達磨大毘婆沙論 卷第二十)』으로 총24장으로 이루어진 목판본이다. 
 인출 시기에 대한 명확한 기록은 알 수 없으나 지질과 발의 수, 폭 등을 고려해 볼 때 조선전기(15세기)에 인출된 인본(印本)으로 판단되며, 표지는 후대에 개장(改裝)되었을 것으로 추정된다. 
『아비달마대비바사론』은 중국 당나라 때 현장(玄奘, 602-664)이 한역한 논서로 전체 200권으로 되어 있으며, 『아비달마발지론』의 주석서이기 때문에 구성과 내용이 비슷하다. 아비달마발지론은 소승불교의 한 종파인 설일체유부(說一切有部)의 교리를 담은 논서(論書)로 25,000의 게송을 8온(蘊) 44납식(納息)으로 정리한 것으로, 그 구성은 총론, 번뇌와 번뇌를 끊는 지혜, 윤회의 원인, 물질 구성의 요소, 사람이 타고 나는 몸과 마음의 기능, 비구들의 선정법에 대한 해석 등으로 이루어져 있다. 
 현재까지 알려져 있는 아비달마대비바사론은 동국대학교 도서관에 소장되어 있는 재조대장경 선장본 형태의 인출본 권제155∼157뿐이다."
21,5800000000,37,2113705800000,128.9385509,35.9732205,시도유형문화유산,기록유산,전적류,전적류,전적류,육경합부,六經合部,1폭,20220905,경상북도,영천시,"
			
	         
	             경상북도  영천시
	         
		",조선시대,"
                영＊＊＊
        ","
               영＊＊＊
		",N,http://www.khs.go.kr/unisearch/images/tangible_cult_prop/2022091317153500.jpg,"이 책은「금강반야바라밀경(金剛般若波羅蜜經)」,「대방광불화엄경입불사의해탈경계보현행원품(大方廣佛華嚴經入不思議解脫境界普賢行願品)」,「대불정수능엄신주(大佛頂首楞嚴神呪)」,「묘법연화경관세음보살보문품(妙法蓮華經觀世音菩薩普門品)」,「불설아미타경(佛說阿彌陀經)」,「관세음보살예문(觀世音菩薩禮文)」이 합철되어 있는 목판본으로, 1488년(조선 성종 19) 4월에 전라도 고산 화암사(花岩寺)에서 개판한 것이다. 
 순서대로 각각 27장, 23장, 15장, 8장, 10장, 16장으로 이루어진 전체 99장이다. 발문에는 1424년(세종 6)에 성달생((成達生, 1376-1444)이 필서하여 개판된 금강경이 있으나, 최사립 판본이 오래되어 보기가 어렵다는 사실을 밝히고 있으며, 발문 뒤에는 각수 성공(性涳), 경수(冏修), 연판 의명(鍊板 義明)과 화주 요경(化主 了冏), 납구(衲鳩) 등의 이름과 39명의 시주자가 기록되어 있다. 
 국내에서 가장 오래된 육경합부 판본은 1424년(세종 6)에 전라도 고산 안심사에서 개판된 판본이며, 이 밖에도 현재까지 알려진 육경합부의 판본은 대략 30여종에 이르고 있다."
21,5840000000,37,2113705840000,128.944905,35.97938841,시도유형문화유산,유물,불교회화,탱화,보살도,영천 용화사 관음보살도,永川 龍華寺 觀音菩薩圖,1폭,20230223,경상북도,영천시,"
			
	             
	                 
	                 
	                     경상북도 영천시 안야사1길 35 (야사동) 
	                 
	             
	         
	         
		",1819년(조선 순조 19) 제작,"
                영＊＊＊
        ","
               영＊＊＊
		",N,http://www.khs.go.kr/unisearch/images/tangible_cult_prop/2023031413123200.jpg,"이 불화는 1819년(조선 순조 19)에 제작된 것으로, 현존하는 단독의 관음보살도로는 비교적 작은 규모인데다 바탕천 및 안료의 박락과 변색이나 도상 오염과 손상이 산재하고 있으나, 전반적으로 원 상태를 잘 보존하고 있다.
특히, 균형잡힌 안정된 구도나 정확한 좌우대칭의 도상, 기물의 구성은 19세기에 유행한 관음보살도의 형식을 잘 나타내고 있다.
이러한 〈관음보살도〉는 조선 후기에 크게 유행하였는데, 좌우대칭 구도 및 도상의 배치 방식은 전반적으로 18세기 관음보살도의 양식을 계승하고 있는 반면, 화면을 여백없이 꽉 차게 구성한 점이나 정병의 기형, 기암괴석과 세트를 이루는 청죽의 묘사, 본존을 비롯한 주변 인물의 착의법, 녹색과 백색을 남용한 설채법, 하단부 물결 위에 엄격한 좌우대칭으로 자리한 남순동자와 해상용왕의 배치 방식, 암반의 토파 묘사 등 세부 표현과 양식면에서는 19세기 불화의 특징을 잘 반영하고 있다.
또한 안료의 분석 결과 당시로서는 고급 안료가 사용된 것임을 알 수 있고, 복장물로 석자황의 안료도 일부 남아 있어 당시 불화 재료 연구에 큰 가치와 의미가 있다.
무엇보다 현존작이 적은 19세기 전반의 관음보살도로 제작연대가 분명한 화기가 존재하고 일부 도상의 박락은 있지만, 희소성 및 학술적 가치가 크다."
21,5850000000,37,2113705850000,128.944905,35.97938841,시도유형문화유산,유물,불교회화,탱화,기타,영천 용화사 석가설법도,永川 龍華寺 釋迦說法圖,1폭,20230223,경상북도,영천시,"
			
	             
	                 
	                 
	                     경상북도 영천시 안야사1길 35 (야사동) 
	                 
	             
	         
	         
		",1850년(조선 철종 원년) 제작,"
                영＊＊＊
        ","
               영＊＊＊
		",N,http://www.khs.go.kr/unisearch/images/tangible_cult_prop/2023031415065800.jpg,"이 불화는 1850년(조선 철종 원년) 제작된 것으로 비교적 잘 알려지지 않은 수화승 문성이 그린 것이다. 주목되는 도상적 특징은 보살이 아닌 동자형식으로 표현된 문수동자와 보현동자가 사자와 코끼리위에 앉은 모습이며, 서수좌인 사자와 코끼리에 앉아 석가모니불의 협시로 묘사된 작품은 대체로 19세기 경상도 사불산화파의 불화에서 알 수 있다.
또한, 하단의 화기를 통하여 제작연대와 봉안처가 분명히 나타나는 것은 가치가 크며, 필선과 섬세한 묘사가 돋보인다.
19세기 전반에서 후반을 이어주는 시점에 조성된 석가설법도 중 문수동자와 보현동자가 가장 이른 시기에 보이고 있다는 점에서 도상의 의미와 가치가 높다."
21,5860000000,37,2113705860000,128.944905,35.97938841,시도유형문화유산,유물,불교회화,탱화,불도,영천 용화사 신중도,永川 龍華寺 神衆圖,1폭,20230223,경상북도,영천시,"
			
	             
	                 
	                 
	                     경상북도 영천시 안야사1길 35 (야사동) 
	                 
	             
	         
	         
		",1850년(조선 철종 원년) 제작,"
                영＊＊＊
        ","
               영＊＊＊
		",N,http://www.khs.go.kr/unisearch/images/tangible_cult_prop/2023031415593000.jpg,"이 불화는 1850년(조선 철종 원년) 창원 광려산 만흥사의 산내암자인 백련암에서 조성된 것이다. 화면 하단의 화기 판독으로 문성, 영화, 문수 모두 3인이 제작하였으며, 화면의 구성과 신중의 도상, 채색기법 등에서 사불산화파 내지는 팔공산화파의 전형적인 화풍을 따르고 있다.
제작연대나 원 봉안처가 명확하며 필선이나 섬세한 묘사가 큰 특징으로 꼽힌다.
19세기 전반에서 후반을 이어주는 신중도 가운데 비교적 이른 시기에 조성한 것으로서 의미가 크며, 문성, 영화, 문수 계열의 신중도가 처음으로 드러난 점으로 미루어보아 의미가 큰 불화이다."
21,6200000000,37,2112604100002,128.9385509,35.9732205,시도유형문화유산,기록유산,문서류,문서류,문서류,영천향교 소장 고문서,永川鄕校 所藏 古文書,49점,20260105,경상북도,영천시,"
			
	         
	             경상북도  영천시
	         
		",조선 광해군 이후,"
                영＊＊＊
        ","
               영천시
		",N,http://www.khs.go.kr/unisearch/images/tangible_cult_prop/2026041318432592.jpg,"영천향교 소장 고문서는 조선 광해군 시기 이후 작성된 것들로, 향교 문서와 향청 문서로 대별된다. 이 가운데 향청에서 작성된 향촌 운영 관련 문서들은 비록 필사본의 형태를 취하고 있으나, 모두 17세기에 작성된 명부류라는 점에서 자료의 집중성과 지속성을 동시에 지니고 있다. 이들 고문서는 조선 후기 향청의 조직 구조와 운영 실태를 구체적으로 보여주는 사료로서, 영천 지역의 향촌 사회에 대한 운영 질서와 지역적 특성을 규명하는 데 중요한 의미를 갖는다.
전체 문화유산 수량 49점 중 28점은 향교 관련 문서인데, 명부류·증빙서류·치부류 등으로 구성되어 있다. 나머지 21점은 조선시대 지방 수령을 보좌하고 자문의 성격을 가진 향청에서 생산된 자료로, 17세기 영천 지역의 사족을 망라한 엘리트 명부부터 향청의 운영과 관련된 임원 명단, 향약 시행, 공물 및 상납, 폐단 절목 등 조세 및 행정 전반에 관한 내용을 포함하고 있다.
특히 이들 문서는 조선 후기 영천 지역 사족의 동향과 지배 질서를 실증적으로 파악할 수 있는 핵심 자료이며, 기존 학계에서 통설로 제기되어 온 조선 후기 향교 교육 쇠퇴론을 재검토할 여지를 제공한다. 아울러 조선 정조 24년(1800) 정조 승하 시 망곡례에 참여한 인물들의 명부 등은 타 향교 자료에서 확인하기 어려운 사례로, 사료의 희소성과 학술성을 동시에 지녀 그 가치가 매우 크다."
22,450000000,37,2223700450000,128.9385509,35.9732205,시도무형유산,무형유산,전통기술,공예,,영천 목조각장,,,20181018,경상북도,영천시,"
			
	         
	             경상북도  영천시
	         
		",,"
                
        ","
               
		",N,http://www.khs.go.kr/unisearch/images/intangible_cult_prop/2020040209332000.png,"-1970년 목조각에 처음 입문, -1983년 문화유산수리기술자 자격 취득. 1996년부터 영천시에서 거주하여 현재는 불교 목예원을 운영하고 있으며 40여 년간 불교조각과 후진양성 등 활동하고 있음. 
-석정(石鼎)스님의 제자인 전기만(田基萬 국가무형유산 제108호 목조각장)선생의 전수자로 불감, 불상, 불교 목조각 등을 중심으로 전승과 보전에 역점두고, 나무가 주는 자연스러운 무늬결을 이용하여 불교문화의 멋과 맥을 이어가고 있다."
23,510000000,37,2333700510000,128.9896528,35.99115009,시도기념물,유적건조물,무덤,무덤,기타,전금강성장군황보능장묘,傳金剛城將軍皇甫能長墓,"26,182㎡",19841219,경상북도,영천시,"
			
	             
	                 
	                 
	                     경북 영천시 고경면 창하리 산5-1번지
	                 
	             
	         
	         
		",,"
                국방부
        ","
               국방부
		",N,http://www.khs.go.kr/unisearch/images/monument/1654474.jpg,"영천 황보씨의 시조인 황보능장(皇甫能長) 장군의 묘이다.
 장군은 신라말 고려초에 정치·군사적으로 큰 비중을 차지하고 있던 영천지방의 호족 출신이며 영천 지방을 지키기 위해서 금강성을 축조한 장군으로 전해지고 있다. 고려 태조 왕건(877∼943)을 도와 고려 건국을 이룩하는데 큰 공을 세워 영천군을 식읍(食邑:국가에서 공신에게 내리어 조세를 개인이 받아 쓰게 한 고을)으로 받고 좌승지의 벼슬에 올랐다.
 경상북도 영천의 운주산에 있는 장군의 묘는 비교적 큰 원형분이며 상석과 향로석을 배치하였다. 봉분 우측 앞부분에는 영조 43년(1767)에 세웠던 비문을 옮겨 적어 1947년에 새로 세운 신도비(神道碑:왕이나 고관 등의 평생업적을 기리기 위해 무덤 근처 길가에 세운 비)가 있다."
23,620000000,37,2333700620000,128.9735197,36.0167393,시도기념물,유적건조물,교육문화,교육기관,서원,임고서원,臨皐書院,"9,299㎡",19851015,경상북도,영천시,"
			
	             
	                 
	                 
	                     경북 영천시 임고면 양항리 462외 21필
	                 
	             
	         
	         
		",,"
                임고서원
        ","
               임고서원
		",N,http://www.khs.go.kr/unisearch/images/monument/1654499.jpg,"포은 정몽주의 충절을 기리기 위한 서원이다.
 정몽주(1337∼1392)는 공민왕 9년(1360)에 과거에 급제하여 지금의 국무총리격인 정승 자리에까지 오른 문신이다. 왜구 토벌에 많은 공을 세웠으며, 당시 긴장상태에 있던 명나라에 건너가 뛰어난 외교술을 발휘하기도 했다. 성리학에 뛰어나 동방이학의 시조로 불리며 시와 글, 그림에도 탁월했다. 특히 시조 단심가는 두 왕조를 섬기지 않는다는 그의 충절을 표현한 대표적인 작품으로 유명하다. 기울어가는 국운을 걱정하며 고려를 끝까지 지키려 했지만 이방원(조선 태종)이 살해하였다.
 임고서원은 조선 명종 8년(1553) 임고면 고천동 부래산에 세웠다. 임진왜란으로 소실되어 선조 36년(1603)에 다시 지었으며, 이 때 임금으로부터 이름을 받아 사액서원이 되었다.
 인조 21년(1643)에는 여헌 장현광을, 영조 3년(1727)에는 지봉 황보인을 추가로 모셨다. 그 뒤 흥선대원군의 서원철폐령으로 고종 5년(1868)에 철거되었으나 1965년에 정몽주의 위패만을 모시고 복원하였다."
23,810000000,37,2333700810000,129.066708,36.10802797,시도기념물,유적건조물,인물사건,인물기념,사우,영천충효재,永川忠孝齋,"1,189㎡",19890529,경상북도,영천시,"
			
	             
	                 
	                 
	                     경북 영천시 자양면 충효리 626외 2필
	                 
	             
	         
	         
		",,"
                정＊＊＊
        ","
               정＊＊＊
		",N,http://www.khs.go.kr/unisearch/images/monument/1654532.jpg,"조선 후기 의병대장인 정환직(1843∼1907)과 그의 큰아들인 정용기(1862∼1907)의 애국정신을 기리기 위해 묘 근처에 세운 재실이다.
 정환직은 고종 25년(1888) 의금부 의금도사를 지냈으며 광무 3년(1899) 시찰사, 도찰사겸 도포사를 역임하고 그 뒤 중추원 의관을 지냈다. 그의 아들 용기는 혜민원 총무를 거쳐 민영환 등과 함께 독립회와 만민회에 참여하고 보안회 국채보상운동에 회장으로서 적극 참여하였다. 그러나 광무 9년(1905) 불법적인 을사조약이 체결되자 정환직은 고종의 밀지를 받고 관직을 사직한 뒤, 그의 아들과 함께 의병을 모집하여 영해, 의흥, 청송, 영양 등지에서 왜군과 전투를 벌여 혁혁한 공을 세웠다. 그 뒤 일본군에게 체포되었는데 회유에도 끝까지 반일의 뜻을 굽히지 않다가 죽음을 당했다. 정용기는 영천수비대와 전투를 벌이다가 아버지와 같은 해 전사하였으며, 1962년 건국훈장 국민장에 추서되었다.
 이들 두 부자의 애국정신과 효행을 기리기 위해 마을 이름을 충효동으로 바꾸고 1923년 이 재실을 세웠고, 1987년 새로 보수·정화하였다.
 앞면 3칸·옆면 2칸 규모로 지붕은 옆면에서 볼 때 여덟 팔(八)자 모양을 한 팔작지붕으로 꾸몄으며 정원에는 유허비가 있다."
23,1440000000,37,2333701440000,128.9906875,36.01721337,시도기념물,유적건조물,교육문화,교육기관,서원,고천서원,古川書院,"2,159㎡",20030814,경상북도,영천시,"
			
	             
	                 
	                 
	                     경북 영천시 임고면 고천리 245번지 외
	                 
	             
	         
	         
		",,"
                고천서원
        ","
               고천서원
		",N,http://www.khs.go.kr/unisearch/images/monument/1654657.jpg,"고천서원은 1592년(선조 25) 임진왜란 때에 의병을 일으켜 자인전투, 영천성 전투등에 참여하여 전공을 세우고 경주성 전투에 참여하였다가 순국했던 영천지역의 의병들을 제향하고 있는 서원으로서 이곳에 배향된 인물은 모두 영천 지역 출신의 중견관료 및 사림으로 인근 지역의 농민들을 이끌고 왜군의 격파에 노력 하였으나 모두 일시에 순국 했다.
 조선 숙종 31년(1705)에 사당을 건립하고 정조 21년(1797)에 강당을 건립하였으며 대원군의 훼철령으로 훼철되었으나 1916년 유림이 십충현(十忠賢)을 복향하고 매년 제향을 올리고 있다."
23,1520000000,37,2333701520000,128.9423317,35.92202679,시도기념물,유적건조물,산업생산,농업,관개시설,영천청제,永川菁堤,1식/146003㎡,20050314,경상북도,영천시,"
			
	             
	                 
	                 
	                     금호읍 구암리 437-1,437-4
	                 
	             
	         
	         
		",,"
                국유
        ","
               영천시
		",N,http://www.khs.go.kr/unisearch/images/monument/1654666.jpg,"신라시대에 축조된 수리시설중 현존하며 관개수리시설로 이용되고 있는 못으로는 
우리나라에서 유일한 것으로 법흥왕 23년 이전 476년 또는 536년에 축조된 것으로
추정하고 있으며 청제 축조시 동원된 인원이 7,000명이라는 것으로 보아 국가적인
차원의 사업이었음을 추정할 수 있고, 목책이나 말뚝으로 제방을 견고히 보강하는 
기술이 사용되었고 나무 수문이 설치되었다고 하므로 청제의 기능을 추정해 볼 수
있고 그 당시 수리시설의 실태 파악이 가능해지며 농업생산성을 추측하여 볼 수 
있는 귀중한 사료임"
23,1560000000,37,2333701560000,128.8998392,36.06915292,시도기념물,유적건조물,정치국방,전적지,임란전적지,임란의병 한천전 승첩지,임란의병 한천전 승첩지,"5,390㎡",20060216,경상북도,영천시,"
			
	             
	                 
	                 
	                     경상북도 영천시 화남면 삼창리 36
	                 
	             
	         
	         
		",,"
                국유
        ","
               영천시
		",N,http://www.khs.go.kr/unisearch/images/monument/2019051910395400.JPG,"승첩지는 임진왜란 최초의 승리를 이룩한 한천전 승첩지로서 1592년 4월 13일 대군을 이끌고 침입한 왜군에 의해 부산 동래성, 울산성, 경주성이 함락되고 영천성 마저 함락되자 4월 27일 이곳에서 도탄에 빠진 백성과 나라를 구하고자 창의기병(창의기병)하여 5월 6일 이곳 한천일대를 중심으로 전개된 전투에서 최조의 승리를 거둠으로서 후일 영천 복성전으 발판을 마련한 역사적 장소이다. 
당시 이곳 한천전투에 목숨 바쳐 참가한 의병들의 넋을 위고하고 애국애족심과 호국정신을 고취하는 역사적 장소로 보존코자 경상북도 기념물로 지정하였다."
23,1830000000,37,2333701830000,129.0158252,36.08041854,시도기념물,유적건조물,무덤,무덤,봉토묘,영천 정의번 시총,永川 鄭宜藩 詩塚,1기,20231221,경상북도,영천시,"
			
	             
	                 
	                 
	                     경상북도 영천시 자양면 성곡리 산 78-8 
	                 
	             
	         
	         
		",1592년(조선 선조 25) 조성 추정,"
                오＊＊＊
        ","
               오＊＊＊
		",N,http://www.khs.go.kr/unisearch/images/monument/2024011109574100.JPG,"백암 정의번(1560~1592)은 임진왜란 발발 당시 부친 호수 정세아(1535~1612)와 함께 창의하여, 영천성 수복에 크게 기여하였고 이어진 경주성 탈환 전투 중 부친을 구출하고 전사하였다.
치열한 전투 이후 호수 공이 장남의 시신을 찾지 못하자 아들이 평소 입던 의관으로 초혼하고, 교우하던 지인들의 만시를 관에 넣어 장사지내니 이것이 현 장소의 시총이다.
정의번의 부모에 대한 효와 나라에 대한 충의 정신은 영남지역 전역에 깊이 각인되었으며, 조정에도 소식이 전해져 증직 및 정려 등을 하사하는 등 그를 추숭하고 예우함에 소홀함이 없었다.
이러한 시총은 당시 조선이 최고의 의미로 여기던 충효의 가치와 함께 국내외 유례가 드문 만사로 조성한 무덤의 희소성을 지녀 매우 유용한 역사문화적 컨텐츠로서의 의미를 가진다."
24,200000000,37,2443700200000,128.9350364,35.93650513,시도민속문화유산,유적건조물,주거생활,주거건축,가옥,완귀정,玩龜亭,일곽(6동),19800617,경상북도,영천시,"
			
	             
	                 
	                 
	                     경북 영천시 서당길 25-34 (도남동)
	                 
	             
	         
	         
		",,"
                광주안씨문중
        ","
               광주안씨문중
		",N,http://www.khs.go.kr/unisearch/images/folklore_material/1658487.jpg,"완귀 안증 선생이 벼슬을 버리고 고향으로 내려와 학문을 연구하고 제자들을 가르치던 곳이다. 
 안증 선생은 인종이 세자로 있을 때 학문을 가르쳤던 중종 때 학자이다. 명종 1년(1546)에 지은 집으로 안채·사랑채를 비롯하여 여러 채의 건물로 구성되었다.
 사랑채는 안증의 호를 따서 완귀정이라 이름하였는데 숙종 21년(1695) 성재 안후정이 지은 건물이다. 앞면은 1층으로 되었으며 뒷면에는 호계천을 향하여 누(樓)를 두었다. 완귀정 옆에는 좌우에 누를 둔 건물이 있는데, ‘식호와’라고 쓴 현판이 걸려 있으며 꾸밈을 달리하여 계절에 따라 선택해서 사용했던 것으로 여겨진다.
 소박하게 꾸며진 선비의 집으로 지방적인 특색을 나타내고 있으며 민속적인 측면에서 보존 가치가 있다."
24,870000000,37,2443700870000,128.9696293,36.03947905,시도민속문화유산,유적건조물,주거생활,주거건축,,환구세덕사,環丘世德祠,일곽,19900807,경상북도,영천시,"
			
	             
	                 
	                 
	                     경북 영천시 임고면 환구길 142-1 (선원리)
	                 
	             
	         
	         
		",,"
                정＊＊＊
        ","
               정＊＊＊
		",N,http://www.khs.go.kr/unisearch/images/folklore_material/1658782.jpg,"임진왜란 때 영천 의병장이었던 호수 정세아(1535∼1612) 선생과 그의 아들 백암 정의번(1560∼1592)의 충절을 기리기 위하여 세운 사당이다.
 정조 1년(1777) 서재 뒤에 충현사를 지어 향사하고 강학의 도장으로 사용하여 왔다. 그후 사당의 왼쪽에 충효각이 세워졌다.
 고종 5년(1868) 대원군의 서원철폐령 때 철거되어 지금은 충효각과 부속건물 2동만이 남아있다."
24,880000000,37,2443700880000,128.9167797,35.99169796,시도민속문화유산,유적건조물,주거생활,주거건축,,양계정사,暘溪精舍,3동,19900807,경상북도,영천시,"
			
	             
	                 
	                 
	                     경북 영천시 창동길 7-18 (대전동)
	                 
	             
	         
	         
		",,"
                오＊＊＊
        ","
               오＊＊＊
		",N,http://www.khs.go.kr/unisearch/images/folklore_material/1658783.jpg,"정호인(1596∼1654) 선생이 학문을 강론하던 자리에 후손들이 지은 건물이다.
 1700년대에 지은 건물로 우거진 숲과 기암괴석으로 둘러싸인 이곳은 고현천이 내려다보이는 언덕 위에 서 있어 경관이 매우 아름답다. 조선 후기의 건물로 ㄹ자형의 특이한 구성을 보이고 있다."
24,1390000000,37,2443701390000,128.9221029,35.85677618,시도민속문화유산,유적건조물,주거생활,주거건축,가옥,영천 지산고택,永川 芝山故宅,4동,20100311,경상북도,영천시,"
			
	             
	                 
	                 
	                     경상북도 영천시 영지길 117-9 (대창면, 지산고택)
	                 
	             
	         
	         
		",,"
                조영목
        ","
               조영목
		",N,http://www.khs.go.kr/unisearch/images/folklore_material/2019051911065300.jpg,"조선 선조 때의 문신으로 임진왜란 때 소모관(召募官)이 되어 공을 세운 조호익(曺好益)의 종택이다. 조호익이 1603년경 지산촌으로 이거했다는 기록으로 보아 이때 건립한 것으로 추정된다. 가옥의 배치는 一자형의 안채가 남향으로 세워져 있고, 전면 좌측엔 ㄴ자형의 사랑채가, 우측엔 一자형의 헛간채가 있는데 전체적으로는 ㅁ자집 형태이다. 동북쪽으로 경역을 달리하여 사당이 한 단 높은 곳에 토석담장으로 둘러져 있다. 사랑채는 정면 4칸, 측면 4칸에 ㄴ자형 맞배지붕집이며 전체면적이 13.18평이다. 막돌기단 위에 각기둥을 사용한 3량가구집이다. 안채는 정면 5칸, 측면 2칸에 一자형 팔작지붕집이고 사당은 정면 3칸, 측면 1칸의 맞배지붕집이다."
24,1620000000,37,2443701620000,128.8736587,36.05743337,시도민속문화유산,유적건조물,주거생활,조경건축,누정,영천 귀애정,永川 龜厓亭,2동,20130408,경상북도,영천시,"
			
	             
	                 
	                 
	                     경상북도 영천시 귀호1길 37-25 (화남면)
	                 
	             
	         
	         
		",,"
                조운준
        ","
               조운준
		",N,http://www.khs.go.kr/unisearch/images/folklore_material/1658952.jpg,"영천 귀애정은 조선 후기 문신인 귀애 조극승(1803∼1877)을 추앙하기 위해 그의 동생 성재 조규승이 지은 정자이다.
 두 사람 모두 많은 관직을 지냈으나, 말년에는 고향에서 지내며 선비들을 가르치는데 힘을 썼고, 학문 연구에 정열을 쏟아 『귀애집』, 『성재집』 등을 남겼다.
 지금까지도 조씨 문중과 지역 민이 두 형제의 학덕과 사상을 높이 여기고 계승, 발전시키기 위해 노력하고 있다."
31,240000000,37,3413700240000,128.9120692,35.98162302,문화유산자료,기록유산,서각류,금석각류,비,이대전유허비,李大田遺墟碑,1기,19850805,경상북도,영천시,"
			
	             
	                 
	                 
	                     경북 영천시 대전동 618번지
	                 
	             
	         
	         
		",,"
                영천이씨충장공파종중
        ","
               영천이씨충장공파종중
		",N,http://www.khs.go.kr/unisearch/images/cultural_material/1662385.jpg,"유허비란 옛 선현의 자취를 살피어 후세에 전하고 이를 계기로 그의 공적을 기리기 위해 세워두는 것으로, 이 비는 조선시대 전기의 문신인 대전 이보흠 선생의 행적을 적고 있다.
 이보흠(1397∼1457) 선생은 세종 11년(1429) 과거에 급제하여 동부후도관과 사정을 거쳐 집현전 박사가 되었다. 외직을 맡을 때의 경험을 토대로 사창법에 관한 건의를 하여 세종 30년(1448) 대구지역에서 시범적인 시행을 하였고, 이 법이 효과를 거두자 계속적인 실시를 위해 힘을 다하였다.『세종실록』의 편찬에도 관여하였으며, 세조 3년(1457) 순흥부사로 있을 때 이 곳에 유배와 있던 금성대군과 함께 단종의 복위를 모의하다 사전에 발각되어 평안도 박천지역으로 유배간 후 그곳에서 처형당하였다. 정조 때에서야 명예가 회복되어 이조판서에 추증되었다.
 비각 안에 있는 비는 받침돌 위로 비몸을 세우고 머릿돌을 올려놓은 모습으로, 조선 인조 7년(1629) 선생이 어린시절을 보내었던 이곳에 세워 두었다."
31,1000000000,37,3413701000000,128.9453348,35.8482986,문화유산자료,유적건조물,교육문화,교육기관,서원,도잠서원,道岑書院,3동,19850805,경상북도,영천시,"
			
	             
	                 
	                 
	                     경북 영천시 대창면 영지길 399 (용호리)
	                 
	             
	         
	         
		",,"
                조＊＊＊
        ","
               조＊＊＊
		",N,http://www.khs.go.kr/unisearch/images/cultural_material/1662562.jpg,"지산 조호익(1545∼1609)의 학덕과 충의를 기리기 위해 세운 서원이다.
 조호익은 조선 중기 문신이며 퇴계 이황의 학문을 잇는 학자이다. 임진왜란과 정유재란 때 공을 세웠으며, 죽은 뒤에 이조판서의 직함을 받기도 했다.
 광해군 4년(1612)에 세운 이 서원은 숙종 4년(1678)에 ‘도잠’이라는 현판을 나라에서 받아 사액서원이 되었다. 그 뒤 흥선대원군의 서원철폐령으로 폐쇄되었으나 1914년에 복원하였고 1981년 고쳐 지었다.
 서원에는 사당, 강당, 망회정, 신도비, 비각, 사주문, 포사 등이 있다. 묘우에는 위패를 모시고 있으며, 해마다 3월과 9월에 제사를 지낸다.
 망회정은 제자들을 가르치던 곳이고, 포사는 제사지낼 때 제수를 장만하여 두며 서원을 지키는 사람이 머물던 곳이다."
31,1010000000,37,3413701010000,128.9074726,35.87823291,문화유산자료,기록유산,서각류,금석각류,비,유후재및옥비,遺厚齋및玉碑,1동1기,19850805,경상북도,영천시,"
			
	             
	                 
	                 
	                     경북 영천시 대창면 대재리 210-1번지
	                 
	             
	         
	         
		",,"
                창녕조씨청백리공파문중
        ","
               창녕조씨청백리공파문중
		",N,http://www.khs.go.kr/unisearch/images/cultural_material/1662563.jpg,"정우당 조치우 선생의 제사를 모시는 사당과 왕이 선생에게 내린 옥으로 만든 비이다. 
 조치우(1459∼1529)는 조선 성종 때의 문신으로, 성종 25년(1494) 별사문과에 급제하여 예문관 검열을 거쳐 성균관전적이 되어 성종실록편찬에 참여하였다. 중종반정 이후 장령을 지내고 대구 부사를 지내면서 어진 다스림을 펼쳐 칭송을 받았다. 사옹원정에 임명되었으나 어머니의 봉양을 위해 이를 거절하였고, 어머니의 상 도중 그도 생을 마치었다. 그가 죽은 후 조정에서는 옥비 2기를 하사하여 그의 청렴결백과 효행의 덕을 표창하였다. 
 옥비는 비각을 세워 보존하고 있는데, 직사각형의 비몸 위로 꽃봉우리 형태의 아름다운 머릿돌을 얹은 모습이다. 다른 옥비 1기는 그의 부인 사당인 경남 창원 모광재에 남아있다."
31,1020000000,37,3413701020000,128.7912872,36.04860062,문화유산자료,유적건조물,교육문화,교육기관,향교,신녕향교대성전,新寧鄕校大成殿,1동,19850805,경상북도,영천시,"
			
	             
	                 
	                 
	                     경북 영천시 신녕면 큰골길 30-7 (화성리)
	                 
	             
	         
	         
		",조선시대,"
                경북향교재단
        ","
               신녕향교
		",N,http://www.khs.go.kr/unisearch/images/cultural_material/1662565.jpg,"향교는 공자와 여러 성현께 제사를 지내고 지방민의 교육과 교화를 위해 나라에서 세운 교육기관이다.
 신녕향교는 지은 시기를 정확하게 알 수 없지만, 조선 선조 25년(1592)에 불이 나서 없어졌다. 광해군 7년(1615)에 처음 세웠던 곳에서 500m 떨어진 지점에 다시 지었는데, 숙종 12년(1686) 지금 있는 자리로 옮겨 지었다.
 대성전은 공자를 비롯하여 중국과 우리나라 유학자의 위패를 모시고 제사지내는 곳이다. 앞면 3칸의 규모이며, 동무·서무가 없이 우리나라 성현들도 모두 대성전에 모셨다.
 조선시대에는 나라에서 토지와 노비·책 등을 지원받아 학생을 가르쳤으나, 지금은 교육 기능은 없어지고 제사 기능만 남아 있다."
31,1030000000,37,3413701030000,128.9636771,36.09267479,문화유산자료,유적건조물,종교신앙,불교,탑,영천공덕동삼층석탑,永川公德洞三層石塔,1기,19850805,경상북도,영천시,"
			
	             
	                 
	                 
	                     경북 영천시 화북면 공덕리 173-1번지
	                 
	             
	         
	         
		",,"
                국유
        ","
               영천시
		",N,http://www.khs.go.kr/unisearch/images/cultural_material/1662566.jpg,"동덕사라는 절에 있던 3층 석탑으로, 절이 없어진 후 서씨 문중 소유인 송계정사에 옮겨졌다가 1973년 동네 입구로, 1974년 다시 지금의 자리로 옮겨 왔다. 
 형태는 1층 기단(基壇) 위에 3층 탑신(塔身)을 올린 모습이다. 탑신의 몸돌은 모서리마다 기둥모양을 조각하였다. 지붕돌은 두툼하며, 밑면에 4단의 받침을 두었다. 
 두툼하게 조각된 지붕돌 솜씨로 보아 고려시대에 세운 것으로 보인다."
31,1040000000,37,3413701040000,128.7645919,36.0200961,문화유산자료,유적건조물,종교신앙,불교,불전,은해사거조암삼층석탑,銀海寺居祖庵三層石塔,1기,19850805,경상북도,영천시,"
			
	             
	                 
	                 
	                     경북 영천시 청통면 거조길 400-67 (신원리)
	                 
	             
	         
	         
		",,"
                은해사
        ","
               은해사
		",N,http://www.khs.go.kr/unisearch/images/cultural_material/1662568.jpg,"은해사에 딸린 암자인 거조암 영산전 앞에 서 있는 탑으로, 2층 기단(基壇) 위에 3층의 탑신(塔身)을 올리고 있다.
 위층 기단의 네 면과 탑신의 몸돌에는 기둥 모양을 조각하였다. 지붕돌은 네 귀퉁이가 살짝 치켜올라갔고, 밑면에 계단모양의 받침을 새겨 두었다. 꼭대기의 머리장식은 모두 사라져 버린 상태이다.
 삼국시대의 것으로 추정된다."
31,2300000000,37,3413702300000,128.9778575,36.04759471,문화유산자료,유적건조물,교육문화,교육기관,서당,함계정사,涵溪精舍,1동,19900807,경상북도,영천시,"
			
	             
	                 
	                 
	                     경북 영천시 임고면 선원리 203-2번지
	                 
	             
	         
	         
		",,"
                정＊＊＊
        ","
               정＊＊＊
		",N,http://www.khs.go.kr/unisearch/images/cultural_material/1662903.jpg,"임진왜란 때 의병장이었던 정세아 선생의 자손인 정석달(1660∼1720)이 학문을 가르치기 위해 지은 건물이다.
 정석달은 조선 후기의 성리학자로 인품과 덕망이 높았다. 병와 이형상 선생과 학문을 강론하며 일생을 보냈고 문집으로는 『가례고증』 등이 남아 있다.
 숙종 28년(1702)에 안락재라는 이름으로 세운 이 건물은 정조 3년(1779) 선생의 손자 일찬공이 고쳐 짓고 함계정사라 하였다."
31,3670000000,37,3413703670000,128.7896483,35.9921439,문화유산자료,유적건조물,종교신앙,불교,불전,은해사 극락보전,銀海寺 極樂寶殿,1동,19990809,경상북도,영천시,"
			
	             
	                 
	                 
	                     경상북도 영천시 은해사로 300 (청통면, 은해사)
	                 
	             
	         
	         
		",19세기 중반 추정,"
                은해사
        ","
               은해사
		",N,http://www.khs.go.kr/unisearch/images/cultural_material/2024022810432401.JPG,"은해사는 통일신라 헌덕왕 1년(809)에 해안사라는 이름으로 혜철국사가 지었으며, 조선 명종 1년(1546)에 천교화상이 지금 있는 자리로 옮겨 세우면서 은해사로 불렀는데, 그 뒤 여러 차례 화재로 건물이 많이 소실되었다. 
1919년 크게 넓혀 지어 오늘에 이르고 있으며, 절 경내에는 극락보전을 비롯하여 보화루, 심검당, 설선당 등의 건물이 있다.
극락보전의 초축 시기를 정확하게 알 수는 없고 19세기 중엽에 지은 것으로 추정하고 있으나, 앞면 3칸·옆면 3칸 규모로 지붕은 옆면에서 볼 때 여덟 팔(八)자 모양인 팔작지붕이다. 
지붕 처마를 받치기 위해 장식하여 만든 공포는 기둥 위와 기둥 사이에도 있는 다포 양식으로 꾸몄으며, 현판 글씨는 추사 김정희 선생이 쓴 것이라 전한다.
2024년 2월 문화유산의 명칭이 대웅전에서 극락보전으로 변경되었다."
31,3730000000,37,3413703730000,128.993921,36.0270755,문화유산자료,유적건조물,주거생활,주거건축,가옥,영천경주김씨지사공종택,永川慶州金氏知事公宗宅,1곽(남강정사포함),19991230,경상북도,영천시,"
			
	             
	                 
	                 
	                     경북 영천시 임고면 황강길 19, 외 (황강리)
	                 
	             
	         
	         
		",,"
                김종철
        ","
               김종철
		",N,http://www.khs.go.kr/unisearch/images/cultural_material/1663233.jpg,"조선 중종 때 중추부지사를 지낸 김흡의 종가로 원래는 김흡이 지었으나 화적떼에 의해 없어진 것을 19세기 초 자손들이 다시 지었다고 한다.
 마을 중심부에 있는 이 집은 경사진 대지 위에 솟을대문이 있고 문을 들어서면 ㄷ자형 사랑채와 一자형 안채가 어우러져 ㅁ자형을 이루고 있다.
 뒤쪽 높은 곳에는 임진왜란 때 의병을 일으킨 김연(1552∼1592)의 사당과 신도비가 있다. 마을 입구에는 김연의 아들이 학문을 닦고 연구한 남강정사가 넓다란 연못 가운데에 자리잡고 있다.
 안채, 사랑채, 사당, 대문간을 규모있게 배치하여 종가로서 규모를 잘 갖추고 있는 건물이다."
31,4520000000,37,3413704520000,128.9208761,36.1112251,문화유산자료,,,,,영천자천교회,永川慈川敎會,916㎡,20031215,경상북도,영천시,"
			
	             
	                 
	                 
	                     경북 영천시 화북면 자천리 773번지
	                 
	             
	         
	         
		",,"
                재단법인예수교장로회경동노회유지재단
        ","
               재단법인예수교장로회경동노회유지재단
		",N,http://www.khs.go.kr/unisearch/images/cultural_material/1663491.jpg,"자천교회는 1903년 4월 권혁중이 설립한 교회로, 현 교회당 건물은 그 해 10월에 건립되었다고 하는데 당시의 관련자료나 기록은 남아있지 않다.
 이 건물은 우진각 지붕의 단층 목조 한옥 교회당으로 평면은 장방형으로 정면 2칸이고, 측면 4칸이다. 내부 천장은 지붕틀이 그대로 노출된 연등천장이며, 지붕틀은 절충식의 트러스구조이나 구조수법이 다소 조잡하다. 횡칸에는 각각 2개씩의 지붕틀을 설치하여 2개의 기둥이 평보를 받치고 있는데 부재의 치목이 거칠고 결구수법이 격식에 맞지 않아 보이나 전체적으로 자연스러운 구조미를 느끼게 한다.
 이 건물의 내부공간 구성적 특징은 부재의 치목과 결구수법 외에도 내부 열주에 의해 공간이 양분되어 있고, 열주 사이에 남·녀석을 구분하기 위해 칸막이를 설치하였던 흔적(장부구멍)과 강단부에서 중앙 열주를 멈추어 넓게 하고, 양쪽으로 기둥을 세워 예배석을 향한 시선의 방해를 막음과 동시에 강단과 예배석의 공간을 분절시켜 주고 있는 점이다.
 개신교 선교 초기의 시대적·건축적 상황과 교회건축의 토착화 과정을 잘 반영하고 있다."
31,5170000000,37,3413705170000,128.9385509,35.9732205,문화유산자료,기록유산,서각류,목판각류,현판류,영천 향사당 입규 현판,永川 鄕射堂 立規 懸板,1점,20070430,경상북도,영천시,"
			
	         
	             경상북도  영천시
	         
		",,"
                영＊＊＊
        ","
               영＊＊＊
		",N,http://www.khs.go.kr/unisearch/images/cultural_material/2019051421332500.jpg,"이 현판은 한강(寒岡) 정구(鄭逑)의 문인인 복재(復齋) 정담(鄭湛, 1552~1634)이 1614년(광해군 6)에 종고조(從高祖)인 정종소(鄭從韶)의 영천(榮川, 지금의 영주) 향규(鄕規)를 참고하여 작성하였으며 가로 126㎝, 세로 32.5㎝의 크기로 총 1,091자가 음각되어 있다. 향규는 전문과 규약 10조 및 후기(後記)로 구성되어 있는데, 그 내용은 17세기 초 영천 사림이 전란 후의 사회기강을 확립하려는 의도를 집약하고 있으며 당시의 사회적 상황과 조선시대 향촌사회가 변화하는 과정을 잘 보여주고 있다."
31,5630000000,37,3413705630000,128.95142,35.8442067,문화유산자료,유적건조물,종교신앙,불교,각루,영천 영지사 범종각,永川 靈芝寺 泛鐘閣,1동,20100311,경상북도,영천시,"
			
	             
	                 
	                 
	                     경상북도 영천시 영지길 471 (대창면)
	                 
	             
	         
	         
		",,"
                영지사
        ","
               영지사
		",N,http://www.khs.go.kr/unisearch/images/cultural_material/2019051421555100.JPG,"영지사는 신라 무열왕때 의상조사가 창건하여 웅정암이라 하였으나 임란때 소실한 후 1603년 지조와 원찬이 중창하고 이름을 영지사로 바꿨다. 그후 조선 영조 50년(1774) 중수하여 오늘에 이르고 있으며, 유적 유물로는 대웅전과 명부전, 범종각, 요사채 2동 등이 있다.

범종각 규모는 정면3칸, 측면 2칸이며, 구조는 중층 누각에 익공계 팔작집이다. 상하층은 벽 없이 사방이
트여 있고, 대웅전 앞 중정에서 진입할 수 있게 후면 어칸에 통로를 내어 출입하고 있다. 
현재 범종각 좌우로는 대웅전 영역으로 접근하는 통로가 있다.

상층에는 사방으로 계자각헌함을 돌리고 내부 바닥에 우물마루를 깐 뒤 사물[법고, 운판, 목어, 법종]을 걸었다. 구조는 두벌대의 자연석 초석을 놓고 상하층에 별주의 두리기둥으로 세운 다음 주상부에는 창방과 익공으로 꾸몄다. 각 주간 사이의 창방과 장혀 사이에는 화반 1구씩을 배치했고, 상부가구는 5량가이다. 지붕은 한식기와를 이은 겹쳐마 팔작집이다."
31,5940000000,37,3413705940000,128.9371557,35.93441607,문화유산자료,유적건조물,,,,영천 육우당,永川 六友堂,1동,20120917,경상북도,영천시,"
			
	             
	                 
	                 
	                     경상북도 영천시 도남동 566
	                 
	             
	         
	         
		",,"
                광주안씨도남문중
        ","
               광주안씨도남문중
		",N,http://www.khs.go.kr/unisearch/images/cultural_material/1663741.jpg,"六友堂은 조선 숙종 때 학자인 성재(省齋) 안후정(安后靜, 1659~1702)이 거처하던 堂으로 그의 장남인 六友堂 안여택(安汝宅, 임술생 1682년)을 비롯한 6형제의 우애를 돈독히 하고 학업에 정진하던 곳이라 한다. 조선후기에 현 위치로 이건했고, 한국전쟁 이후에는 대청 2칸 중 좌측 마루 칸을 온돌방으로 꾸며 사용해 오다가 2010년 가을에 옛 모습대로 복원 수리했다. 
육우당은 주상부를 이익공 구조로 꾸미고, 전면 주상부의 익공의 섬세한 수법, 건실한 상부가구 및 대청 종대공에 원형판대공+바람개비 문양 초각, 전후퇴구조임에도 대량을 통재로 사용한 점 등은 건립당시의 원형을 살필 수 있는 점 등이 가치가 있다."
31,6750000000,37,3413706750000,128.9385509,35.9732205,문화유산자료,기록유산,전적류,목판본,,영천 묘봉암 법질별행록요병입사기,,1책,20190826,경상북도,영천시,"
			
	         
	             경상북도  영천시
	         
		",,"
                묘＊＊＊
        ","
               묘＊＊＊
		",N,http://www.khs.go.kr/unisearch/images/cultural_material/2019100418115900.JPG,"이 책은 우리나라 불교 강원 교제의 하나인데, 고려국사 보조국사 지눌이 당나라 종밀(宗密)이 저술한 법집별행록에서 중요한 요점만을 간추린 후 자신의 해석을 붙여 간행한 것으로 1587년 오대산 월정사에서 판각하여 간행하였다.
 1권 1책의 목판본으로 선장본 형태로 장책되었으며, 반엽의 행자수는 10행 21자이다. 이 책은 조선전기 불교학, 불교사상사를 비롯해 사찰의 목판인쇄 문화를 살펴볼 수 있는 자료로 판단되어 문화유산자료로 지정되었다."
31,6820000000,37,3413706820000,128.9385509,35.9732205,문화유산자료,기록유산,전적류,목판본,사찰본,영천 충효사 소장 불설아미타경,永川 忠孝寺 所藏 佛說阿彌陀經,1책,20201126,경상북도,영천시,"
			
	         
	             경상북도  영천시
	         
		","조선시대(1525년, 중종20)","
                충＊＊＊
        ","
               충＊＊＊
		",N,http://www.khs.go.kr/unisearch/images/cultural_material/2022093017261900.jpg,"불설아미타경은 정토(청정세계)에 관해 설한 경전으로 무량수경(無量壽經), 관무량수경(觀無量壽經)과 함께 정토삼부경(淨土三部經)이라 불리는 책 중 하나이다. 1525년(조선 중종 20)에 안동 광흥사에서 간행되어 전체 18장이며, 크기는 세로 32.3cm, 가로 19.5cm이다. 조선 제8대 왕 예종(재위 1468~1469)의 차남 제안대군이 경전 간행을 주관하여 왕실발원불경을 보여주는 귀중한 자료이며, 보존상태가 양호하다. 동일판본으로는 단국대학교 및 계명대학교 한국학중앙연구원 소장본 등이 전한다."
31,7000000000,37,3413707000000,128.9385509,35.9732205,문화유산자료,기록유산,전적류,전적류,전적류,구황촬요,救荒撮要,2책,20220905,경상북도,영천시,"
			
	         
	             경상북도  영천시
	         
		",조선시대,"
                영＊＊＊
        ","
               영＊＊＊
		",N,http://www.khs.go.kr/unisearch/images/cultural_material/2022091319264400.jpg,"1654년(조선 효종 5)에 영천군수 이구에 의해 &#39;구황촬요&#39;와 &#39;벽온신방&#39;을 1책 목판본으로 합하여 &#39;수민방&#39;이라는 서명으로 간행되었다. 이 책이 간행된 배경은 &#39;벽온신방&#39;의 권수에 &#39;1653년(효종 4)에 질병으로 사망한 사람이 많다는 소식을 들은 왕이 약재를 내고자 하였으나 여의치 못하여, 민가에서 쓰기 쉬운 것을 편집하여 간행된 것이다.&#39; 라고 기술하고 있다. 권말에 영천군수 이구가 쓴 발문에 간행기록이 확인된다."
31,7030000000,37,3413707030000,128.8349788,36.04854063,문화유산자료,유적건조물,교육문화,교육기관,서당,영천 아계서사,永川 莪溪書社,2동,20231005,경상북도,영천시,"
			
	             
	                 
	                 
	                     경상북도 영천시 옛서당길 30-3 (화산면) 
	                 
	             
	         
	         
		",1805년(조선 순조 5) 창건,"
                나＊＊＊
        ","
               나＊＊＊
		",N,http://www.khs.go.kr/unisearch/images/cultural_material/2023100716450400.JPG,"아계서사는 1805년(조선 순조 5)에 정주한 등이 선조의 학덕을 기리고 후학을 양성하기 위해 창건하여 1862년 한 차례 중건을 거친 이후 현재까지 보존상태가 양호하다.
원래 나주정씨 일족의 문중서당을 목표로 서사를 창건하였으나, 수학한 학생들의 범위가 점차 넓어져 나중에는 경북 중북부 지역 사족가문에까지 확대되었으며 이런 의미에서 아계서사는 19세기 향촌 사회의 동향이나 서당의 기능을 밝힐 수 있는 중요한 자료로 평가된다.
건물의 형태는 서당과 주사가 함께 남아 있으며, 건축 세부적인 면에서 조선 후기 시기적 특성을 잘 반영하고 있으므로 역사적, 건축적 가치가 높다."
55,90000000,37,2553700090000,128.9475,35.9907,시도자연유산,자연유산,천연기념물,생물과학기념물,생물상,임고서원은행나무,臨皐書院銀杏나무,161㎡,20240711,경상북도,영천시,"
			
	             
	                 
	                 
	                     경북 영천시 임고면 양항리 161번지
	                 
	             
	         
	         
		",,"
                임고서원
        ","
               임고서원
		",N,http://www.khs.go.kr/unisearch/images/nature_heri/0000000001654501.jpg,"은행나무는 살아 있는 화석이라 할 만큼 오래된 나무로 우리나라, 일본, 중국 등지에 분포하고 있다. 우리나라에는 중국에서 유교와 불교가 전해질 때 같이 들어온 것으로 전해지고 있다. 가을 단풍이 매우 아름답고 병충해가 없으며 넓고 짙은 그늘을 제공한다는 장점이 있어 정자나무 또는 가로수로도 많이 심는다. 
 임고서원의 은행나무는 나이가 500년 정도로 추정되며, 높이는 20m, 둘레는 5.95m에 이른다. 가지는 사방으로 퍼져 있으며, 나무가 자라나는 상태는 비교적 양호한 편이다.
 본래 이 나무는 임고서원이 부래산에 있을 당시 그곳에 심어져 있었던 것이나, 임진왜란(1592)으로 인해 없어진 임고서원을 1600년경 이곳에 다시 지으면서 은행나무도 옮겨 심은 것이라고 한다.
 임고서원의 은행나무는 오랜 세월 조상들의 관심과 보살핌 속에 살아온 나무로 생물학적 보존 가치가 인정되어 기념물로 지정하여 보호하고 있다."
55,210000000,37,2553700210000,128.9319544,35.90145479,시도자연유산,자연유산,천연기념물,생물과학기념물,생물상,영천약남리회화나무,永川藥南里회화나무,"1주1,854㎡",20240711,경상북도,영천시,"
			
	             
	                 
	                 
	                     경북 영천시 금호읍 약남리 82번지
	                 
	             
	         
	         
		",,"
                영＊＊＊
        ","
               영＊＊＊
		",N,http://www.khs.go.kr/unisearch/images/nature_heri/0000000001654599.jpg,"회화나무는 추위와 공해에 강하여 전국 어디에서나 자라는 낙엽활엽수로, 정자나무, 공원수, 가로수 등으로 적합하다. 어린 가지는 잎 색깔과 같은 녹색이 특징이며, 나이를 먹으면 나무 껍질은 세로로 깊게 갈라진다. 중국에서는 회화나무를 상서로운 나무로 매우 귀하게 여겨 과거에 급제하거나, 관리가 관직에서 물러날 때 기념으로 회화나무를 심었다고 한다. 우리나라에서도 회화나무는 벼슬을 상징하고, 잡귀가 붙지 않는다고 믿었으며, 회화나무 3그루를 집 안에 심어두면 행복이 찾아온다고 믿어 즐겨 심었다. 회화나무 꽃을 중국에서는 괴화(槐花)라고 하는데, 괴(槐)의 중국 발음이 ‘회’로 회화나무 또는 회나무로 불리게 되었다고 한다.
 회화나무는 수령이 200년 이상 지나면 부후균에 의해 중심부가 어 빈 구멍상태로 남는 특성이 있는데, 영천의 회화나무 역시 빈 구멍상태이며, 이웃해 있는 느티나무와 밑동 부분이 합쳐져 자라고 있다.
 약남리 회화나무는 중심부에 구멍이 생긴 상태지만 개울가의 비옥한 토양과 마을 사람들의 적극적인 보호로 비교적 잘 자라고 있다."
79,500000000,37,4413700500000,128.9393076,35.95858698,국가등록문화유산,등록문화유산,기타,공공용시설,,영천역 급수탑,永川驛 給水塔,"탑1기 및 우물1개소 높이 18m, 용량 50톤",20030128,경상북도,영천시,"
			
	             
	                 
	                 
	                     경북 영천시 완산동 891번지
	                 
	             
	         
	         
		",1937,"
                한국철도공사
        ","
               한국철도공사
		",N,http://www.khs.go.kr/unisearch/images/register/1669067.jpg,1937년에 설치된 것으로 구조체 뿐 아니라 출입문 형태를 그대로 원형을 잘 간직하고 있는 등 전형적인 급수탑의 형식을 잘 보여주고 있으며 6.25동란시 총탄의 흔적이 남아있어 역사적 의미도 있음.
79,2530000000,37,4413702530000,128.9296126,35.9671594,국가등록문화유산,등록문화유산,기타,주거숙박시설,,영천 과전동 일본식 가옥,永川 果田洞 日本式 家屋,"1동, 2층건축면적 75.95㎡,연면적 125.48㎡",20060619,경상북도,영천시,"
			
	             
	                 
	                 
	                     경북 영천시 교창길 25, 외 1필지 (과전동)
	                 
	             
	         
	         
		",1930년대,"
                성＊＊＊
        ","
               성＊＊＊
		",N,http://www.khs.go.kr/unisearch/images/register/1669094.jpg,­1930년대에 경찰서 사택으로 건립된 것으로 추정되는 2층 목조주택. 일부 변형되긴 하였으나 2층 부분은 원래의 모습대로 남아있음
79,2540000000,37,4413702540000,128.9108613,35.97597209,국가등록문화유산,등록문화유산,기타,공공용시설,,영천 구 화룡교,永川 舊 化龍橋,"1기 교폭4.7m,전장 108m",20060619,경상북도,영천시,"
			
	             
	                 
	                 
	                     경북 영천시 서부동 750-1번지 외 3필지
	                 
	             
	         
	         
		",1929년,"
                영천시
        ","
               영천시
		",N,http://www.khs.go.kr/unisearch/images/register/1669099.jpg,"­1929년경에 영천～군위간 28번 국도상에 건립된 교량(폭 4.7m, 길이 108m)으로 근대 교량의 축조 기술을 잘 보여주고 있는 시설물"